[{"model": "library.indextype", "pk": 1, "fields": {"name": "TruSeq small RNA (RPI1-RPI48)"}}, {"model": "library.indextype", "pk": 2, "fields": {"name": "TruSeq DNA/RNA"}}, {"model": "library.indextype", "pk": 3, "fields": {"name": "Nextera"}}, {"model": "library.indextype", "pk": 4, "fields": {"name": "Other"}}, {"model": "library.indexi7", "pk": 1, "fields": {"index_id": "RPI1", "index": "ATCACG", "index_type": 1}}, {"model": "library.indexi7", "pk": 2, "fields": {"index_id": "RPI2", "index": "CGATGT", "index_type": 1}}, {"model": "library.indexi7", "pk": 3, "fields": {"index_id": "RPI3", "index": "TTAGGC", "index_type": 1}}, {"model": "library.indexi7", "pk": 4, "fields": {"index_id": "RPI4", "index": "TGACCA", "index_type": 1}}, {"model": "library.indexi7", "pk": 5, "fields": {"index_id": "RPI5", "index": "ACAGTG", "index_type": 1}}, {"model": "library.indexi7", "pk": 6, "fields": {"index_id": "RPI6", "index": "GCCAAT", "index_type": 1}}, {"model": "library.indexi7", "pk": 7, "fields": {"index_id": "RPI7", "index": "CAGATC", "index_type": 1}}, {"model": "library.indexi7", "pk": 8, "fields": {"index_id": "RPI8", "index": "ACTTGA", "index_type": 1}}, {"model": "library.indexi7", "pk": 9, "fields": {"index_id": "RPI9", "index": "GATCAG", "index_type": 1}}, {"model": "library.indexi7", "pk": 10, "fields": {"index_id": "RPI10", "index": "TAGCTT", "index_type": 1}}, {"model": "library.indexi7", "pk": 11, "fields": {"index_id": "RPI11", "index": "GGCTAC", "index_type": 1}}, {"model": "library.indexi7", "pk": 12, "fields": {"index_id": "RPI12", "index": "CTTGTA", "index_type": 1}}, {"model": "library.indexi7", "pk": 13, "fields": {"index_id": "RPI13", "index": "AGTCAA", "index_type": 1}}, {"model": "library.indexi7", "pk": 14, "fields": {"index_id": "RPI14", "index": "AGTTCC", "index_type": 1}}, {"model": "library.indexi7", "pk": 15, "fields": {"index_id": "RPI15", "index": "ATGTCA", "index_type": 1}}, {"model": "library.indexi7", "pk": 16, "fields": {"index_id": "RPI16", "index": "CCGTCC", "index_type": 1}}, {"model": "library.indexi7", "pk": 17, "fields": {"index_id": "RPI17", "index": "GTAGAG", "index_type": 1}}, {"model": "library.indexi7", "pk": 18, "fields": {"index_id": "RPI18", "index": "GTCCGC", "index_type": 1}}, {"model": "library.indexi7", "pk": 19, "fields": {"index_id": "RPI19", "index": "GTGAAA", "index_type": 1}}, {"model": "library.indexi7", "pk": 20, "fields": {"index_id": "RPI20", "index": "GTGGCC", "index_type": 1}}, {"model": "library.indexi7", "pk": 21, "fields": {"index_id": "RPI21", "index": "GTTTCG", "index_type": 1}}, {"model": "library.indexi7", "pk": 22, "fields": {"index_id": "RPI22", "index": "CGTACG", "index_type": 1}}, {"model": "library.indexi7", "pk": 23, "fields": {"index_id": "RPI23", "index": "GAGTGG", "index_type": 1}}, {"model": "library.indexi7", "pk": 24, "fields": {"index_id": "RPI24", "index": "GGTAGC", "index_type": 1}}, {"model": "library.indexi7", "pk": 25, "fields": {"index_id": "RPI25", "index": "ACTGAT", "index_type": 1}}, {"model": "library.indexi7", "pk": 26, "fields": {"index_id": "RPI26", "index": "ATGAGC", "index_type": 1}}, {"model": "library.indexi7", "pk": 27, "fields": {"index_id": "RPI27", "index": "ATTCCT", "index_type": 1}}, {"model": "library.indexi7", "pk": 28, "fields": {"index_id": "RPI28", "index": "CAAAAG", "index_type": 1}}, {"model": "library.indexi7", "pk": 29, "fields": {"index_id": "RPI29", "index": "CAACTA", "index_type": 1}}, {"model": "library.indexi7", "pk": 30, "fields": {"index_id": "RPI30", "index": "CACCGG", "index_type": 1}}, {"model": "library.indexi7", "pk": 31, "fields": {"index_id": "RPI31", "index": "CACGAT", "index_type": 1}}, {"model": "library.indexi7", "pk": 32, "fields": {"index_id": "RPI32", "index": "CACTCA", "index_type": 1}}, {"model": "library.indexi7", "pk": 33, "fields": {"index_id": "RPI33", "index": "CAGGCG", "index_type": 1}}, {"model": "library.indexi7", "pk": 34, "fields": {"index_id": "RPI34", "index": "CATGGC", "index_type": 1}}, {"model": "library.indexi7", "pk": 35, "fields": {"index_id": "RPI35", "index": "CATTTT", "index_type": 1}}, {"model": "library.indexi7", "pk": 36, "fields": {"index_id": "RPI36", "index": "CCAACA", "index_type": 1}}, {"model": "library.indexi7", "pk": 37, "fields": {"index_id": "RPI37", "index": "CGGAAT", "index_type": 1}}, {"model": "library.indexi7", "pk": 38, "fields": {"index_id": "RPI38", "index": "CTAGCT", "index_type": 1}}, {"model": "library.indexi7", "pk": 39, "fields": {"index_id": "RPI39", "index": "CTATAC", "index_type": 1}}, {"model": "library.indexi7", "pk": 40, "fields": {"index_id": "RPI40", "index": "CTCAGA", "index_type": 1}}, {"model": "library.indexi7", "pk": 41, "fields": {"index_id": "RPI41", "index": "GACGAC", "index_type": 1}}, {"model": "library.indexi7", "pk": 42, "fields": {"index_id": "RPI42", "index": "TAATCG", "index_type": 1}}, {"model": "library.indexi7", "pk": 43, "fields": {"index_id": "RPI43", "index": "TACAGC", "index_type": 1}}, {"model": "library.indexi7", "pk": 44, "fields": {"index_id": "RPI44", "index": "TATAAT", "index_type": 1}}, {"model": "library.indexi7", "pk": 45, "fields": {"index_id": "RPI45", "index": "TCATTC", "index_type": 1}}, {"model": "library.indexi7", "pk": 46, "fields": {"index_id": "RPI46", "index": "TCCCGA", "index_type": 1}}, {"model": "library.indexi7", "pk": 47, "fields": {"index_id": "RPI47", "index": "TCGAAG", "index_type": 1}}, {"model": "library.indexi7", "pk": 48, "fields": {"index_id": "RPI48", "index": "TCGGCA", "index_type": 1}}, {"model": "library.indexi7", "pk": 49, "fields": {"index_id": "A001", "index": "ATCACG", "index_type": 2}}, {"model": "library.indexi7", "pk": 50, "fields": {"index_id": "A002", "index": "CGATGT", "index_type": 2}}, {"model": "library.indexi7", "pk": 51, "fields": {"index_id": "A003", "index": "TTAGGC", "index_type": 2}}, {"model": "library.indexi7", "pk": 52, "fields": {"index_id": "A004", "index": "TGACCA", "index_type": 2}}, {"model": "library.indexi7", "pk": 53, "fields": {"index_id": "A005", "index": "ACAGTG", "index_type": 2}}, {"model": "library.indexi7", "pk": 54, "fields": {"index_id": "A006", "index": "GCCAAT", "index_type": 2}}, {"model": "library.indexi7", "pk": 55, "fields": {"index_id": "A007", "index": "CAGATC", "index_type": 2}}, {"model": "library.indexi7", "pk": 56, "fields": {"index_id": "A008", "index": "ACTTGA", "index_type": 2}}, {"model": "library.indexi7", "pk": 57, "fields": {"index_id": "A009", "index": "GATCAG", "index_type": 2}}, {"model": "library.indexi7", "pk": 58, "fields": {"index_id": "A010", "index": "TAGCTT", "index_type": 2}}, {"model": "library.indexi7", "pk": 59, "fields": {"index_id": "A011", "index": "GGCTAC", "index_type": 2}}, {"model": "library.indexi7", "pk": 60, "fields": {"index_id": "A012", "index": "CTTGTA", "index_type": 2}}, {"model": "library.indexi7", "pk": 61, "fields": {"index_id": "A013", "index": "AGTCAA", "index_type": 2}}, {"model": "library.indexi7", "pk": 62, "fields": {"index_id": "A014", "index": "AGTTCC", "index_type": 2}}, {"model": "library.indexi7", "pk": 63, "fields": {"index_id": "A015", "index": "ATGTCA", "index_type": 2}}, {"model": "library.indexi7", "pk": 64, "fields": {"index_id": "A016", "index": "CCGTCC", "index_type": 2}}, {"model": "library.indexi7", "pk": 65, "fields": {"index_id": "A018", "index": "GTCCGC", "index_type": 2}}, {"model": "library.indexi7", "pk": 66, "fields": {"index_id": "A019", "index": "GTGAAA", "index_type": 2}}, {"model": "library.indexi7", "pk": 67, "fields": {"index_id": "A020", "index": "GTGGCC", "index_type": 2}}, {"model": "library.indexi7", "pk": 68, "fields": {"index_id": "A021", "index": "GTTTCG", "index_type": 2}}, {"model": "library.indexi7", "pk": 69, "fields": {"index_id": "A022", "index": "CGTACG", "index_type": 2}}, {"model": "library.indexi7", "pk": 70, "fields": {"index_id": "A023", "index": "GAGTGG", "index_type": 2}}, {"model": "library.indexi7", "pk": 71, "fields": {"index_id": "A025", "index": "ACTGAT", "index_type": 2}}, {"model": "library.indexi7", "pk": 72, "fields": {"index_id": "A027", "index": "ATTCCT", "index_type": 2}}, {"model": "library.indexi7", "pk": 73, "fields": {"index_id": "N701", "index": "TAAGGCGA", "index_type": 3}}, {"model": "library.indexi7", "pk": 74, "fields": {"index_id": "N702", "index": "CGTACTAG", "index_type": 3}}, {"model": "library.indexi7", "pk": 75, "fields": {"index_id": "N703", "index": "AGGCAGAA", "index_type": 3}}, {"model": "library.indexi7", "pk": 76, "fields": {"index_id": "N704", "index": "TCCTGAGC", "index_type": 3}}, {"model": "library.indexi7", "pk": 77, "fields": {"index_id": "N705", "index": "GGACTCCT", "index_type": 3}}, {"model": "library.indexi7", "pk": 78, "fields": {"index_id": "N706", "index": "TAGGCATG", "index_type": 3}}, {"model": "library.indexi7", "pk": 79, "fields": {"index_id": "N707", "index": "CTCTCTAC", "index_type": 3}}, {"model": "library.indexi7", "pk": 80, "fields": {"index_id": "N708", "index": "CAGAGAGG", "index_type": 3}}, {"model": "library.indexi7", "pk": 81, "fields": {"index_id": "N709", "index": "GCTACGCT", "index_type": 3}}, {"model": "library.indexi7", "pk": 82, "fields": {"index_id": "N710", "index": "CGAGGCTG", "index_type": 3}}, {"model": "library.indexi7", "pk": 83, "fields": {"index_id": "N711", "index": "AAGAGGCA", "index_type": 3}}, {"model": "library.indexi7", "pk": 84, "fields": {"index_id": "N712", "index": "GTAGAGGA", "index_type": 3}}, {"model": "library.indexi5", "pk": 1, "fields": {"index_id": "S501", "index": "TAGATCGC", "index_type": 3}}, {"model": "library.indexi5", "pk": 2, "fields": {"index_id": "S502", "index": "CTCTCTAT", "index_type": 3}}, {"model": "library.indexi5", "pk": 3, "fields": {"index_id": "S503", "index": "TATCCTCT", "index_type": 3}}, {"model": "library.indexi5", "pk": 4, "fields": {"index_id": "S504", "index": "AGAGTAGA", "index_type": 3}}, {"model": "library.indexi5", "pk": 5, "fields": {"index_id": "S505", "index": "GTAAGGAG", "index_type": 3}}, {"model": "library.indexi5", "pk": 6, "fields": {"index_id": "S506", "index": "ACTGCATA", "index_type": 3}}, {"model": "library.indexi5", "pk": 7, "fields": {"index_id": "S507", "index": "AAGGAGTA", "index_type": 3}}, {"model": "library.indexi5", "pk": 8, "fields": {"index_id": "S508", "index": "CTAAGCCT", "index_type": 3}}, {"model": "library.indexi5", "pk": 9, "fields": {"index_id": "S517", "index": "GCGTAAGA", "index_type": 3}}]