[{"model": "researcher.organization", "pk": 1, "fields": {"name": "DEEP"}}, {"model": "researcher.organization", "pk": 2, "fields": {"name": "MPI-IE"}}, {"model": "researcher.organization", "pk": 3, "fields": {"name": "University Freiburg"}}, {"model": "researcher.principalinvestigator", "pk": 1, "fields": {"name": "Akhtar", "organization": 2}}, {"model": "researcher.principalinvestigator", "pk": 2, "fields": {"name": "Boehm", "organization": 2}}, {"model": "researcher.principalinvestigator", "pk": 3, "fields": {"name": "Grosschedl", "organization": 2}}, {"model": "researcher.principalinvestigator", "pk": 4, "fields": {"name": "Gruen", "organization": 2}}, {"model": "researcher.principalinvestigator", "pk": 5, "fields": {"name": "Iovino", "organization": 2}}, {"model": "researcher.principalinvestigator", "pk": 6, "fields": {"name": "Jenuwein", "organization": 2}}, {"model": "researcher.principalinvestigator", "pk": 7, "fields": {"name": "Kemler", "organization": 2}}, {"model": "researcher.principalinvestigator", "pk": 8, "fields": {"name": "Laemmermann", "organization": 2}}, {"model": "researcher.principalinvestigator", "pk": 9, "fields": {"name": "PearceEd", "organization": 2}}, {"model": "researcher.principalinvestigator", "pk": 10, "fields": {"name": "Pearce", "organization": 2}}, {"model": "researcher.principalinvestigator", "pk": 11, "fields": {"name": "Pichler", "organization": 2}}, {"model": "researcher.principalinvestigator", "pk": 12, "fields": {"name": "Pospisilik", "organization": 2}}, {"model": "researcher.principalinvestigator", "pk": 13, "fields": {"name": "Rambold", "organization": 2}}, {"model": "researcher.principalinvestigator", "pk": 14, "fields": {"name": "Reth", "organization": 2}}, {"model": "researcher.principalinvestigator", "pk": 15, "fields": {"name": "Sawarkar", "organization": 2}}, {"model": "researcher.principalinvestigator", "pk": 16, "fields": {"name": "Trompouki", "organization": 2}}, {"model": "researcher.principalinvestigator", "pk": 17, "fields": {"name": "A01_Jenuwein", "organization": 3}}, {"model": "researcher.principalinvestigator", "pk": 18, "fields": {"name": "A02_Akhtar", "organization": 3}}, {"model": "researcher.principalinvestigator", "pk": 19, "fields": {"name": "A03_Vogel", "organization": 3}}, {"model": "researcher.principalinvestigator", "pk": 20, "fields": {"name": "A04_Jung", "organization": 3}}, {"model": "researcher.principalinvestigator", "pk": 21, "fields": {"name": "A05_Pospisilik", "organization": 3}}, {"model": "researcher.principalinvestigator", "pk": 22, "fields": {"name": "B01_Schuele", "organization": 3}}, {"model": "researcher.principalinvestigator", "pk": 23, "fields": {"name": "B02_Pahl", "organization": 3}}, {"model": "researcher.principalinvestigator", "pk": 24, "fields": {"name": "B03_Hein", "organization": 3}}, {"model": "researcher.principalinvestigator", "pk": 25, "fields": {"name": "B05_Huber", "organization": 3}}, {"model": "researcher.principalinvestigator", "pk": 26, "fields": {"name": "C02_Prinz", "organization": 3}}, {"model": "researcher.principalinvestigator", "pk": 27, "fields": {"name": "C03_Lassmann", "organization": 3}}, {"model": "researcher.principalinvestigator", "pk": 28, "fields": {"name": "C04_Luebbert", "organization": 3}}, {"model": "researcher.principalinvestigator", "pk": 29, "fields": {"name": "C05_Flotho", "organization": 3}}, {"model": "researcher.principalinvestigator", "pk": 30, "fields": {"name": "Z01_Backofen", "organization": 3}}, {"model": "researcher.principalinvestigator", "pk": 31, "fields": {"name": "Z01_Manke", "organization": 3}}, {"model": "researcher.principalinvestigator", "pk": 32, "fields": {"name": "Z02_Breit", "organization": 3}}, {"model": "researcher.principalinvestigator", "pk": 33, "fields": {"name": "Z02_Einsle", "organization": 3}}, {"model": "researcher.principalinvestigator", "pk": 34, "fields": {"name": "Z02_Hunte", "organization": 3}}, {"model": "researcher.costunit", "pk": 1, "fields": {"name": "K400", "pi": 1}}, {"model": "researcher.costunit", "pk": 2, "fields": {"name": "K300", "pi": 2}}, {"model": "researcher.costunit", "pk": 3, "fields": {"name": "K150", "pi": 3}}, {"model": "researcher.costunit", "pk": 4, "fields": {"name": "K510", "pi": 4}}, {"model": "researcher.costunit", "pk": 5, "fields": {"name": "K410", "pi": 5}}, {"model": "researcher.costunit", "pk": 6, "fields": {"name": "K100", "pi": 6}}, {"model": "researcher.costunit", "pk": 7, "fields": {"name": "K710", "pi": 7}}, {"model": "researcher.costunit", "pk": 8, "fields": {"name": "M.TN.A.IMMU0001", "pi": 8}}, {"model": "researcher.costunit", "pk": 9, "fields": {"name": "K570", "pi": 9}}, {"model": "researcher.costunit", "pk": 10, "fields": {"name": "K200", "pi": 10}}, {"model": "researcher.costunit", "pk": 11, "fields": {"name": "K101", "pi": 11}}, {"model": "researcher.costunit", "pk": 12, "fields": {"name": "K102", "pi": 12}}, {"model": "researcher.costunit", "pk": 13, "fields": {"name": "K350", "pi": 13}}, {"model": "researcher.costunit", "pk": 14, "fields": {"name": "K600", "pi": 14}}, {"model": "researcher.costunit", "pk": 15, "fields": {"name": "K520", "pi": 15}}, {"model": "researcher.costunit", "pk": 16, "fields": {"name": "K152", "pi": 16}}, {"model": "researcher.costunit", "pk": 17, "fields": {"name": "A01_Jenuwein", "pi": 17}}, {"model": "researcher.costunit", "pk": 18, "fields": {"name": "A02_Akhtar", "pi": 18}}, {"model": "researcher.costunit", "pk": 19, "fields": {"name": "A03_Vogel", "pi": 19}}, {"model": "researcher.costunit", "pk": 20, "fields": {"name": "A04_Jung", "pi": 20}}, {"model": "researcher.costunit", "pk": 21, "fields": {"name": "A05_Pospisilik", "pi": 21}}, {"model": "researcher.costunit", "pk": 22, "fields": {"name": "B01_Schuele", "pi": 22}}, {"model": "researcher.costunit", "pk": 23, "fields": {"name": "B02_Pahl", "pi": 23}}, {"model": "researcher.costunit", "pk": 24, "fields": {"name": "B03_Hein", "pi": 24}}, {"model": "researcher.costunit", "pk": 25, "fields": {"name": "B05_Huber", "pi": 25}}, {"model": "researcher.costunit", "pk": 26, "fields": {"name": "C02_Prinz", "pi": 26}}, {"model": "researcher.costunit", "pk": 27, "fields": {"name": "C03_Lassmann", "pi": 27}}, {"model": "researcher.costunit", "pk": 28, "fields": {"name": "C04_Luebbert", "pi": 28}}, {"model": "researcher.costunit", "pk": 29, "fields": {"name": "C05_Flotho", "pi": 29}}, {"model": "researcher.costunit", "pk": 30, "fields": {"name": "Z01_Backofen", "pi": 30}}, {"model": "researcher.costunit", "pk": 31, "fields": {"name": "Z01_Manke", "pi": 31}}, {"model": "researcher.costunit", "pk": 32, "fields": {"name": "Z02_Breit", "pi": 32}}, {"model": "researcher.costunit", "pk": 33, "fields": {"name": "Z02_Einsle", "pi": 33}}, {"model": "researcher.costunit", "pk": 34, "fields": {"name": "Z02_Hunte", "pi": 34}}]