[{"model": "researcher.principalinvestigator", "pk": 1, "fields": {"name": "-"}}, {"model": "researcher.principalinvestigator", "pk": 2, "fields": {"name": "A03_Vogel"}}, {"model": "researcher.principalinvestigator", "pk": 3, "fields": {"name": "Akhtar"}}, {"model": "researcher.principalinvestigator", "pk": 4, "fields": {"name": "B01_Schuele"}}, {"model": "researcher.principalinvestigator", "pk": 5, "fields": {"name": "B02_Pahl"}}, {"model": "researcher.principalinvestigator", "pk": 6, "fields": {"name": "B03_Hein"}}, {"model": "researcher.principalinvestigator", "pk": 7, "fields": {"name": "B05_Huber"}}, {"model": "researcher.principalinvestigator", "pk": 8, "fields": {"name": "Boehm"}}, {"model": "researcher.principalinvestigator", "pk": 9, "fields": {"name": "C02_Prinz"}}, {"model": "researcher.principalinvestigator", "pk": 10, "fields": {"name": "C03_La\u00dfmann"}}, {"model": "researcher.principalinvestigator", "pk": 11, "fields": {"name": "C04_Luebbert"}}, {"model": "researcher.principalinvestigator", "pk": 12, "fields": {"name": "C06_Brabletz"}}, {"model": "researcher.principalinvestigator", "pk": 13, "fields": {"name": "Deep_Sequencing_Unit"}}, {"model": "researcher.principalinvestigator", "pk": 14, "fields": {"name": "Diefenbach"}}, {"model": "researcher.principalinvestigator", "pk": 15, "fields": {"name": "Grosschedl"}}, {"model": "researcher.principalinvestigator", "pk": 16, "fields": {"name": "Gruen"}}, {"model": "researcher.principalinvestigator", "pk": 17, "fields": {"name": "IMPRS"}}, {"model": "researcher.principalinvestigator", "pk": 18, "fields": {"name": "Iovino"}}, {"model": "researcher.principalinvestigator", "pk": 19, "fields": {"name": "Izcue"}}, {"model": "researcher.principalinvestigator", "pk": 20, "fields": {"name": "Jenuwein"}}, {"model": "researcher.principalinvestigator", "pk": 21, "fields": {"name": "Jumaa"}}, {"model": "researcher.principalinvestigator", "pk": 22, "fields": {"name": "Kemler"}}, {"model": "researcher.principalinvestigator", "pk": 23, "fields": {"name": "Laemmermann"}}, {"model": "researcher.principalinvestigator", "pk": 24, "fields": {"name": "Nielsen"}}, {"model": "researcher.principalinvestigator", "pk": 25, "fields": {"name": "PearceEd"}}, {"model": "researcher.principalinvestigator", "pk": 26, "fields": {"name": "Pichler"}}, {"model": "researcher.principalinvestigator", "pk": 27, "fields": {"name": "Pospisilik"}}, {"model": "researcher.principalinvestigator", "pk": 28, "fields": {"name": "Reth"}}, {"model": "researcher.principalinvestigator", "pk": 29, "fields": {"name": "Saccani"}}, {"model": "researcher.principalinvestigator", "pk": 30, "fields": {"name": "Sawarkar"}}, {"model": "researcher.principalinvestigator", "pk": 31, "fields": {"name": "Trompouki"}}, {"model": "researcher.principalinvestigator", "pk": 32, "fields": {"name": "Z01_Backofen"}}, {"model": "researcher.organization", "pk": 1, "fields": {"name": "-"}}, {"model": "researcher.organization", "pk": 2, "fields": {"name": "DEEP"}}, {"model": "researcher.organization", "pk": 3, "fields": {"name": "MPI-IE"}}, {"model": "researcher.organization", "pk": 4, "fields": {"name": "University_Freiburg"}}, {"model": "researcher.costunit", "pk": 1, "fields": {"name": "-"}}, {"model": "researcher.costunit", "pk": 2, "fields": {"name": "123"}}, {"model": "researcher.costunit", "pk": 3, "fields": {"name": "7615"}}, {"model": "researcher.costunit", "pk": 4, "fields": {"name": "A03_Vogel"}}, {"model": "researcher.costunit", "pk": 5, "fields": {"name": "B01_Schuele"}}, {"model": "researcher.costunit", "pk": 6, "fields": {"name": "B02_Pahl"}}, {"model": "researcher.costunit", "pk": 7, "fields": {"name": "B03_Hein"}}, {"model": "researcher.costunit", "pk": 8, "fields": {"name": "C02_Prinz"}}, {"model": "researcher.costunit", "pk": 9, "fields": {"name": "C03_Lassmann"}}, {"model": "researcher.costunit", "pk": 10, "fields": {"name": "C04_Luebbert"}}, {"model": "researcher.costunit", "pk": 11, "fields": {"name": "C06_Brabletz"}}, {"model": "researcher.costunit", "pk": 12, "fields": {"name": "Deep7992"}}, {"model": "researcher.costunit", "pk": 13, "fields": {"name": "Diefenbach"}}, {"model": "researcher.costunit", "pk": 14, "fields": {"name": "K100"}}, {"model": "researcher.costunit", "pk": 15, "fields": {"name": "K102"}}, {"model": "researcher.costunit", "pk": 16, "fields": {"name": "K150"}}, {"model": "researcher.costunit", "pk": 17, "fields": {"name": "K152"}}, {"model": "researcher.costunit", "pk": 18, "fields": {"name": "K300"}}, {"model": "researcher.costunit", "pk": 19, "fields": {"name": "K310"}}, {"model": "researcher.costunit", "pk": 20, "fields": {"name": "K330"}}, {"model": "researcher.costunit", "pk": 21, "fields": {"name": "K400"}}, {"model": "researcher.costunit", "pk": 22, "fields": {"name": "K410"}}, {"model": "researcher.costunit", "pk": 23, "fields": {"name": "K510"}}, {"model": "researcher.costunit", "pk": 24, "fields": {"name": "K520"}}, {"model": "researcher.costunit", "pk": 25, "fields": {"name": "K570"}}, {"model": "researcher.costunit", "pk": 26, "fields": {"name": "K600"}}, {"model": "researcher.costunit", "pk": 27, "fields": {"name": "K610"}}, {"model": "researcher.costunit", "pk": 28, "fields": {"name": "K701"}}, {"model": "researcher.costunit", "pk": 29, "fields": {"name": "K710"}}, {"model": "researcher.costunit", "pk": 30, "fields": {"name": "K7614"}}, {"model": "researcher.costunit", "pk": 31, "fields": {"name": "K947"}}, {"model": "researcher.costunit", "pk": 32, "fields": {"name": "M.TN.A.IMMU0001"}}, {"model": "researcher.costunit", "pk": 33, "fields": {"name": "P.S.IMMU7992"}}, {"model": "researcher.costunit", "pk": 34, "fields": {"name": "P.S.Immu411"}}, {"model": "researcher.costunit", "pk": 35, "fields": {"name": "P.S.Immu7611"}}, {"model": "researcher.costunit", "pk": 36, "fields": {"name": "PS.Immu.7991"}}, {"model": "researcher.costunit", "pk": 37, "fields": {"name": "Z01_Backofen"}}, {"model": "researcher.costunit", "pk": 38, "fields": {"name": "ask Reth"}}, {"model": "researcher.costunit", "pk": 39, "fields": {"name": "sss"}}, {"model": "researcher.researcher", "pk": 1, "fields": {"telephone": "0761-270 80300", "last_name": "Ahrens", "email": "theresa.ahrens@uniklinik-freiburg.de", "first_name": "Theresa", "cost_unit": [9], "organization": 4, "pi": 10}}, {"model": "researcher.researcher", "pk": 2, "fields": {"telephone": "731", "last_name": "Akbas", "email": "akbas@ie-freiburg.mpg.de", "first_name": "Duygu", "cost_unit": [1], "organization": 3, "pi": 15}}, {"model": "researcher.researcher", "pk": 3, "fields": {"telephone": "565", "last_name": "Akhtar", "email": "akhtar@ie-freiburg.mpg.de", "first_name": "Asifa", "cost_unit": [21], "organization": 3, "pi": 3}}, {"model": "researcher.researcher", "pk": 4, "fields": {"telephone": "691", "last_name": "Aktas_Ilik", "email": "aktas@ie-freiburg.mpg.de", "first_name": "Tugce", "cost_unit": [21], "organization": 3, "pi": 3}}, {"model": "researcher.researcher", "pk": 5, "fields": {"telephone": "433", "last_name": "Alkhatib", "email": "alkhatib@ie-freiburg.mpg.de", "first_name": "Alabbas", "cost_unit": [1], "organization": 3, "pi": 21}}, {"model": "researcher.researcher", "pk": 6, "fields": {"telephone": "431", "last_name": "Alshamee", "email": "", "first_name": "Alaa", "cost_unit": [1], "organization": 3, "pi": 21}}, {"model": "researcher.researcher", "pk": 7, "fields": {"telephone": "771", "last_name": "Andreani", "email": "andreani@ie-freiburg.mpg.de", "first_name": "Virginia", "cost_unit": [2], "organization": 3, "pi": 15}}, {"model": "researcher.researcher", "pk": 8, "fields": {"telephone": "618", "last_name": "Aprile_Garcia", "email": "aprile@ie-freiburg.mpg.de", "first_name": "Fernando", "cost_unit": [24], "organization": 3, "pi": 30}}, {"model": "researcher.researcher", "pk": 9, "fields": {"telephone": "586", "last_name": "Arrigoni", "email": "arrigoni@ie-freiburg.mpg.de", "first_name": "Laura", "cost_unit": [36], "organization": 2, "pi": 13}}, {"model": "researcher.researcher", "pk": 10, "fields": {"telephone": "431", "last_name": "Bach", "email": "bach@ie-freiburg.mpg.de", "first_name": "Martina", "cost_unit": [39], "organization": 3, "pi": 21}}, {"model": "researcher.researcher", "pk": 11, "fields": {"telephone": "447", "last_name": "Baer_Radermacher", "email": "baer@ie-freiburg.mpg.de", "first_name": "Magdalena", "cost_unit": [1], "organization": 3, "pi": 17}}, {"model": "researcher.researcher", "pk": 12, "fields": {"telephone": "770", "last_name": "Band", "email": "", "first_name": "Simone", "cost_unit": [1], "organization": 3, "pi": 15}}, {"model": "researcher.researcher", "pk": 13, "fields": {"telephone": "487", "last_name": "Bank", "email": "bank@ie-freiburg.mpg.de", "first_name": "Johannes", "cost_unit": [1], "organization": 3, "pi": 22}}, {"model": "researcher.researcher", "pk": 14, "fields": {"telephone": "577", "last_name": "Bauer", "email": "bauer@ie-freiburg.mpg.de", "first_name": "Amelie", "cost_unit": [1], "organization": 3, "pi": 26}}, {"model": "researcher.researcher", "pk": 15, "fields": {"telephone": "433", "last_name": "Becker", "email": "becker@ie-freiburg.mpg.de", "first_name": "Martin", "cost_unit": [26], "organization": 3, "pi": 28}}, {"model": "researcher.researcher", "pk": 16, "fields": {"telephone": "680", "last_name": "Betancourt", "email": "betancourt@ie-freiburg.mpg.de", "first_name": "Emily", "cost_unit": [1], "organization": 3, "pi": 13}}, {"model": "researcher.researcher", "pk": 17, "fields": {"telephone": "318", "last_name": "Birmelin", "email": "birmelin@ie-freiburg.mpg.de", "first_name": "Stefanie", "cost_unit": [1], "organization": 3, "pi": 8}}, {"model": "researcher.researcher", "pk": 18, "fields": {"telephone": "755", "last_name": "Boller", "email": "boller@ie-freiburg.mpg.de", "first_name": "Soeren", "cost_unit": [16], "organization": 3, "pi": 15}}, {"model": "researcher.researcher", "pk": 19, "fields": {"telephone": "697", "last_name": "Boenisch", "email": "boenisch@ie-freiburg.mpg.de", "first_name": "Ulrike", "cost_unit": [31], "organization": 3, "pi": 13}}, {"model": "researcher.researcher", "pk": 20, "fields": {"telephone": "436", "last_name": "Boersig", "email": "boersig@ie-freiburg.mpg.de", "first_name": "Theresa", "cost_unit": [26], "organization": 3, "pi": 28}}, {"model": "researcher.researcher", "pk": 21, "fields": {"telephone": "493", "last_name": "Brack", "email": "brack@ie-freiburg.mpg.de", "first_name": "Maria", "cost_unit": [1], "organization": 3, "pi": 19}}, {"model": "researcher.researcher", "pk": 22, "fields": {"telephone": "473", "last_name": "Braeutigam", "email": "braeutigam@ie-freiburg.mpg.de", "first_name": "Christien", "cost_unit": [1], "organization": 3, "pi": 22}}, {"model": "researcher.researcher", "pk": 23, "fields": {"telephone": "449", "last_name": "Breitner", "email": "breitner@ie-freiburg.mpg.de", "first_name": "Elisabeth", "cost_unit": [1], "organization": 3, "pi": 17}}, {"model": "researcher.researcher", "pk": 24, "fields": {"telephone": "493", "last_name": "Bremser", "email": "bremser@ie-freiburg.mpg.de", "first_name": "Anna", "cost_unit": [19], "organization": 3, "pi": 19}}, {"model": "researcher.researcher", "pk": 25, "fields": {"telephone": "439", "last_name": "Brenker", "email": "brenker@ie-freiburg.mpg.de", "first_name": "Kathrin", "cost_unit": [26], "organization": 3, "pi": 28}}, {"model": "researcher.researcher", "pk": 26, "fields": {"telephone": "433", "last_name": "Brings", "email": "brings@ie-freiburg.mpg.de", "first_name": "Naema", "cost_unit": [26], "organization": 3, "pi": 28}}, {"model": "researcher.researcher", "pk": 27, "fields": {"telephone": "321", "last_name": "Budnicki", "email": "budnicki@ie-freiburg.mpg.de", "first_name": "Iwona", "cost_unit": [1], "organization": 3, "pi": 19}}, {"model": "researcher.researcher", "pk": 28, "fields": {"telephone": "694", "last_name": "Chatterjee", "email": "chatterjee@ie-freiburg.mpg.de", "first_name": "Aindrila", "cost_unit": [21], "organization": 3, "pi": 3}}, {"model": "researcher.researcher", "pk": 29, "fields": {"telephone": "577", "last_name": "Chaugule", "email": "chaugule@ie-freiburg.mpg.de", "first_name": "Viduth", "cost_unit": [1], "organization": 3, "pi": 26}}, {"model": "researcher.researcher", "pk": 30, "fields": {"telephone": "770", "last_name": "Chechik", "email": "chechik@ie-freiburg.mpg.de", "first_name": "Lyubov", "cost_unit": [1], "organization": 3, "pi": 15}}, {"model": "researcher.researcher", "pk": 31, "fields": {"telephone": "514", "last_name": "Chelmicki", "email": "chelmicki@ie-freiburg.mpg.de", "first_name": "Tomasz", "cost_unit": [21], "organization": 3, "pi": 3}}, {"model": "researcher.researcher", "pk": 32, "fields": {"telephone": "781", "last_name": "Ching", "email": "ching@ie-freiburg.mpg.de", "first_name": "Reagan", "cost_unit": [1], "organization": 3, "pi": 20}}, {"model": "researcher.researcher", "pk": 33, "fields": {"telephone": "707", "last_name": "Chlamydas", "email": "chlamydas@ie-freiburg.mpg.de", "first_name": "Sarantis", "cost_unit": [21], "organization": 3, "pi": 3}}, {"model": "researcher.researcher", "pk": 34, "fields": {"telephone": "770", "last_name": "Cico", "email": "", "first_name": "Janina", "cost_unit": [1], "organization": 3, "pi": 15}}, {"model": "researcher.researcher", "pk": 35, "fields": {"telephone": "427", "last_name": "Cramer", "email": "cramer@ie-freiburg.mpg.de", "first_name": "Sophie", "cost_unit": [26], "organization": 3, "pi": 28}}, {"model": "researcher.researcher", "pk": 36, "fields": {"telephone": "792", "last_name": "Dalgaard", "email": "dalgaard@ie-freiburg.mpg.de", "first_name": "Kevin", "cost_unit": [30], "organization": 3, "pi": 27}}, {"model": "researcher.researcher", "pk": 37, "fields": {"telephone": "706", "last_name": "Dasmeh", "email": "dasmeh@ie-freiburg.mpg.de", "first_name": "Pouria", "cost_unit": [21], "organization": 3, "pi": 3}}, {"model": "researcher.researcher", "pk": 38, "fields": {"telephone": "783", "last_name": "De_la_Rosa", "email": "delarosa@ie-freiburg.mpg.de", "first_name": "Inti", "cost_unit": [14], "organization": 3, "pi": 20}}, {"model": "researcher.researcher", "pk": 39, "fields": {"telephone": "731", "last_name": "Derecka", "email": "derecka@ie-freiburg.mpg.de", "first_name": "Marta", "cost_unit": [16], "organization": 3, "pi": 15}}, {"model": "researcher.researcher", "pk": 40, "fields": {"telephone": "422", "last_name": "Deronja", "email": "", "first_name": "Ognjen", "cost_unit": [26], "organization": 3, "pi": 28}}, {"model": "researcher.researcher", "pk": 41, "fields": {"telephone": "240", "last_name": "Diekhoff", "email": "diekhoff@ie-freiburg.mpg.de", "first_name": "Dagmar", "cost_unit": [1], "organization": 3, "pi": 8}}, {"model": "researcher.researcher", "pk": 42, "fields": {"telephone": "489", "last_name": "Dogan", "email": "dogan@ie-freiburg.mpg.de", "first_name": "Esen", "cost_unit": [1], "organization": 3, "pi": 26}}, {"model": "researcher.researcher", "pk": 43, "fields": {"telephone": "433", "last_name": "Dolezal", "email": "dolezal@ie-freiburg.mpg.de", "first_name": "Elmar", "cost_unit": [26], "organization": 3, "pi": 28}}, {"model": "researcher.researcher", "pk": 44, "fields": {"telephone": "576", "last_name": "Droescher", "email": "droescher@ie-freiburg.mpg.de", "first_name": "Mathias", "cost_unit": [1], "organization": 3, "pi": 26}}, {"model": "researcher.researcher", "pk": 45, "fields": {"telephone": "481", "last_name": "Duda", "email": "duda@ie-freiburg.mpg.de", "first_name": "Katarzyna", "cost_unit": [14], "organization": 3, "pi": 20}}, {"model": "researcher.researcher", "pk": 46, "fields": {"telephone": "433", "last_name": "Duehren_von_Minden", "email": "minden@ie-freiburg.mpg.de", "first_name": "Marcus", "cost_unit": [1], "organization": 3, "pi": 21}}, {"model": "researcher.researcher", "pk": 47, "fields": {"telephone": "771", "last_name": "Duering", "email": "duering@ie-freiburg.mpg.de", "first_name": "Franziska", "cost_unit": [1], "organization": 3, "pi": 15}}, {"model": "researcher.researcher", "pk": 48, "fields": {"telephone": "787", "last_name": "Engist", "email": "engist@ie-freiburg.mpg.de", "first_name": "Bettina", "cost_unit": [1], "organization": 3, "pi": 20}}, {"model": "researcher.researcher", "pk": 49, "fields": {"telephone": "718", "last_name": "Falk", "email": "falk@ie-freiburg.mpg.de", "first_name": "Ingrid", "cost_unit": [14], "organization": 3, "pi": 15}}, {"model": "researcher.researcher", "pk": 50, "fields": {"telephone": "449", "last_name": "Fatouros", "email": "fatouros@ie-freiburg.mpg.de", "first_name": "Polychronis", "cost_unit": [1], "organization": 3, "pi": 17}}, {"model": "researcher.researcher", "pk": 51, "fields": {"telephone": "229", "last_name": "Fidler", "email": "fidler@ie-freiburg.mpg.de", "first_name": "Ingrid", "cost_unit": [1], "organization": 3, "pi": 8}}, {"model": "researcher.researcher", "pk": 52, "fields": {"telephone": "241", "last_name": "Franz", "email": "franzt@ie-freiburg.mpg.de", "first_name": "Tanna", "cost_unit": [1], "organization": 3, "pi": 8}}, {"model": "researcher.researcher", "pk": 53, "fields": {"telephone": "431", "last_name": "Funck", "email": "funck@ie-freiburg.mpg.de", "first_name": "Felix", "cost_unit": [1], "organization": 3, "pi": 21}}, {"model": "researcher.researcher", "pk": 54, "fields": {"telephone": "783", "last_name": "Galan", "email": "galan@ie-freiburg.mpg.de", "first_name": "Carmen", "cost_unit": [1], "organization": 3, "pi": 20}}, {"model": "researcher.researcher", "pk": 55, "fields": {"telephone": "241", "last_name": "Garbers", "email": "garbersb@ie-freiburg.mpg.de", "first_name": "Beate", "cost_unit": [1], "organization": 3, "pi": 8}}, {"model": "researcher.researcher", "pk": 56, "fields": {"telephone": "582", "last_name": "Gaub", "email": "gaub@ie-freiburg.mpg.de", "first_name": "Aline", "cost_unit": [21], "organization": 3, "pi": 3}}, {"model": "researcher.researcher", "pk": 57, "fields": {"telephone": "705", "last_name": "Georgiev", "email": "georgiev@ie-freiburg.mpg.de", "first_name": "Plamen", "cost_unit": [21], "organization": 3, "pi": 3}}, {"model": "researcher.researcher", "pk": 58, "fields": {"telephone": "792", "last_name": "Gossens", "email": "gossens@ie-freiburg.mpg.de", "first_name": "Klaus", "cost_unit": [28], "organization": 3, "pi": 27}}, {"model": "researcher.researcher", "pk": 59, "fields": {"telephone": "0761-270 71980", "last_name": "Greve", "email": "gabriele.greve@uniklinik-freiburg.de", "first_name": "Gabriela", "cost_unit": [10], "organization": 4, "pi": 11}}, {"model": "researcher.researcher", "pk": 60, "fields": {"telephone": "711", "last_name": "Grosschedl", "email": "grosschedl@ie-freiburg.mpg.de", "first_name": "Rudolf", "cost_unit": [1], "organization": 3, "pi": 15}}, {"model": "researcher.researcher", "pk": 61, "fields": {"telephone": "240", "last_name": "Guerri", "email": "guerri@ie-freiburg.mpg.de", "first_name": "Lucia", "cost_unit": [1], "organization": 3, "pi": 8}}, {"model": "researcher.researcher", "pk": 62, "fields": {"telephone": "704", "last_name": "Gutierrez", "email": "gutierrez@ie-freiburg.mpg.de", "first_name": "Noel", "cost_unit": [21], "organization": 3, "pi": 3}}, {"model": "researcher.researcher", "pk": 63, "fields": {"telephone": "475", "last_name": "Haas", "email": "haasi@ie-freiburg.mpg.de", "first_name": "Ingrid", "cost_unit": [1], "organization": 3, "pi": 22}}, {"model": "researcher.researcher", "pk": 64, "fields": {"telephone": "260", "last_name": "Haas-Assenbaum", "email": "haas_assenba@ie-freiburg.mpg.de", "first_name": "Annette", "cost_unit": [1], "organization": 3, "pi": 8}}, {"model": "researcher.researcher", "pk": 65, "fields": {"telephone": "0761-203 5077", "last_name": "Hacker", "email": "christine.hacker@anat.uni-freiburg.de", "first_name": "Christine", "cost_unit": [4], "organization": 4, "pi": 2}}, {"model": "researcher.researcher", "pk": 66, "fields": {"telephone": "692", "last_name": "Hallacli", "email": "hallacli@ie-freiburg.mpg.de", "first_name": "Erinc", "cost_unit": [21], "organization": 3, "pi": 3}}, {"model": "researcher.researcher", "pk": 67, "fields": {"telephone": "477", "last_name": "Hansen", "email": "hansen@ie-freiburg.mpg.de", "first_name": "Kaethe", "cost_unit": [1], "organization": 3, "pi": 22}}, {"model": "researcher.researcher", "pk": 68, "fields": {"telephone": "317", "last_name": "Happe", "email": "happe@ie-freiburg.mpg.de", "first_name": "Christiane", "cost_unit": [1], "organization": 3, "pi": 8}}, {"model": "researcher.researcher", "pk": 69, "fields": {"telephone": "770", "last_name": "Harter", "email": "", "first_name": "Caroline", "cost_unit": [1], "organization": 3, "pi": 15}}, {"model": "researcher.researcher", "pk": 70, "fields": {"telephone": "241", "last_name": "Held", "email": "held@ie-freiburg.mpg.de", "first_name": "Monika", "cost_unit": [1], "organization": 3, "pi": 8}}, {"model": "researcher.researcher", "pk": 71, "fields": {"telephone": "583", "last_name": "Herquel", "email": "herquel@ie-freiburg.mpg.de", "first_name": "Benjamin", "cost_unit": [21], "organization": 3, "pi": 3}}, {"model": "researcher.researcher", "pk": 72, "fields": {"telephone": "255", "last_name": "Heyne", "email": "heyne@ie-freiburg.mpg.de", "first_name": "Steffen", "cost_unit": [1], "organization": 3, "pi": 27}}, {"model": "researcher.researcher", "pk": 73, "fields": {"telephone": "260", "last_name": "Hirakawa", "email": "hirakawa@ie-freiburg.mpg.de", "first_name": "Mayumi", "cost_unit": [1], "organization": 3, "pi": 8}}, {"model": "researcher.researcher", "pk": 74, "fields": {"telephone": "695", "last_name": "Hirth", "email": "hirth@ie-freiburg.mpg.de", "first_name": "Vanessa", "cost_unit": [21], "organization": 3, "pi": 3}}, {"model": "researcher.researcher", "pk": 75, "fields": {"telephone": "422", "last_name": "Hobeika", "email": "hobeika@ie-freiburg.mpg.de", "first_name": "Elias", "cost_unit": [26], "organization": 3, "pi": 28}}, {"model": "researcher.researcher", "pk": 76, "fields": {"telephone": "487", "last_name": "Hoffmeyer", "email": "hoffmeyer@ie-freiburg.mpg.de", "first_name": "Katrin", "cost_unit": [29], "organization": 3, "pi": 22}}, {"model": "researcher.researcher", "pk": 77, "fields": {"telephone": "240", "last_name": "Holland", "email": "holland@ie-freiburg.mpg.de", "first_name": "Stephen", "cost_unit": [18], "organization": 3, "pi": 8}}, {"model": "researcher.researcher", "pk": 78, "fields": {"telephone": "695", "last_name": "Holz", "email": "holz@ie-freiburg.mpg.de", "first_name": "Herbert", "cost_unit": [21], "organization": 3, "pi": 3}}, {"model": "researcher.researcher", "pk": 79, "fields": {"telephone": "431", "last_name": "Hug", "email": "hug@ie-freiburg.mpg.de", "first_name": "Eva", "cost_unit": [1], "organization": 3, "pi": 21}}, {"model": "researcher.researcher", "pk": 80, "fields": {"telephone": "699", "last_name": "Hummel", "email": "hummel@ie-freiburg.mpg.de", "first_name": "Barbara", "cost_unit": [24], "organization": 3, "pi": 30}}, {"model": "researcher.researcher", "pk": 81, "fields": {"telephone": "0761-20397225 ", "last_name": "Humpert", "email": "humpert@ie-freiburg.mpg.de", "first_name": "Luise", "cost_unit": [26], "organization": 3, "pi": 28}}, {"model": "researcher.researcher", "pk": 82, "fields": {"telephone": "618", "last_name": "Hussong", "email": "hussong@ie-freiburg.mpg.de", "first_name": "Rebecca", "cost_unit": [1], "organization": 3, "pi": 30}}, {"model": "researcher.researcher", "pk": 83, "fields": {"telephone": "692", "last_name": "Ilik", "email": "ilik@ie-freiburg.mpg.de", "first_name": "Ibrahim", "cost_unit": [21], "organization": 3, "pi": 3}}, {"model": "researcher.researcher", "pk": 84, "fields": {"telephone": "327", "last_name": "Iwanami", "email": "iwanami@ie-freiburg.mpg.de", "first_name": "Norimasa", "cost_unit": [18], "organization": 3, "pi": 8}}, {"model": "researcher.researcher", "pk": 85, "fields": {"telephone": "706", "last_name": "Iyer", "email": "Iyer@ie-freiburg.mpg.de", "first_name": "Shantanu", "cost_unit": [21], "organization": 3, "pi": 3}}, {"model": "researcher.researcher", "pk": 86, "fields": {"telephone": "433", "last_name": "Iype", "email": "iype@ie-freiburg.mpg.de", "first_name": "Joseena", "cost_unit": [1], "organization": 3, "pi": 21}}, {"model": "researcher.researcher", "pk": 87, "fields": {"telephone": "325", "last_name": "Izcue", "email": "izcue@ie-freiburg.mpg.de", "first_name": "Ana", "cost_unit": [19], "organization": 3, "pi": 19}}, {"model": "researcher.researcher", "pk": 88, "fields": {"telephone": "420", "last_name": "Jaeger", "email": "officer@ie-freiburg.mpg.de", "first_name": "Birgit", "cost_unit": [26], "organization": 3, "pi": 28}}, {"model": "researcher.researcher", "pk": 89, "fields": {"telephone": "793", "last_name": "Jayaramaiah_Raja", "email": "raja@ie-freiburg.mpg.de", "first_name": "Sunil", "cost_unit": [28], "organization": 3, "pi": 27}}, {"model": "researcher.researcher", "pk": 90, "fields": {"telephone": "785", "last_name": "Jenuwein", "email": "jenuwein@ie-freiburg.mpg.de", "first_name": "Thomas", "cost_unit": [1], "organization": 3, "pi": 20}}, {"model": "researcher.researcher", "pk": 91, "fields": {"telephone": "748", "last_name": "Julier", "email": "", "first_name": "Patricia", "cost_unit": [1], "organization": 3, "pi": 8}}, {"model": "researcher.researcher", "pk": 92, "fields": {"telephone": "437", "last_name": "Jumaa", "email": "jumaa@ie-freiburg.mpg.de", "first_name": "Hassan", "cost_unit": [1], "organization": 3, "pi": 21}}, {"model": "researcher.researcher", "pk": 93, "fields": {"telephone": "433", "last_name": "Kalmbach-Zuern", "email": "zuern@ie-freiburg.mpg.de", "first_name": "Christa", "cost_unit": [26], "organization": 3, "pi": 28}}, {"model": "researcher.researcher", "pk": 94, "fields": {"telephone": "693", "last_name": "Kaemmerer", "email": "kaemmerer@ie-freiburg.mpg.de", "first_name": "Christian", "cost_unit": [21], "organization": 3, "pi": 3}}, {"model": "researcher.researcher", "pk": 95, "fields": {"telephone": "725", "last_name": "Kaneva", "email": "kaneva@ie-freiburg.mpg.de", "first_name": "Iliyana", "cost_unit": [1], "organization": 3, "pi": 15}}, {"model": "researcher.researcher", "pk": 96, "fields": {"telephone": "752", "last_name": "Kapoor", "email": "kapoor@ie-freiburg.mpg.de", "first_name": "Tanya", "cost_unit": [1], "organization": 3, "pi": 15}}, {"model": "researcher.researcher", "pk": 97, "fields": {"telephone": "696", "last_name": "Karoutas", "email": "karoutas@ie-freiburg.mpg.de", "first_name": "Adam", "cost_unit": [21], "organization": 3, "pi": 3}}, {"model": "researcher.researcher", "pk": 98, "fields": {"telephone": "696", "last_name": "Karpiuk", "email": "karpiuk@ie-freiburg.mpg.de", "first_name": "Oleksandra", "cost_unit": [21], "organization": 3, "pi": 3}}, {"model": "researcher.researcher", "pk": 99, "fields": {"telephone": "425", "last_name": "Keim", "email": "keim@ie-freiburg.mpg.de", "first_name": "Sarah", "cost_unit": [26], "organization": 3, "pi": 28}}, {"model": "researcher.researcher", "pk": 100, "fields": {"telephone": "582", "last_name": "Keller", "email": "keller@ie-freiburg.mpg.de", "first_name": "Claudia", "cost_unit": [21], "organization": 3, "pi": 3}}, {"model": "researcher.researcher", "pk": 101, "fields": {"telephone": "471", "last_name": "Kemler", "email": "kemler@ie-freiburg.mpg.de", "first_name": "Rolf", "cost_unit": [1], "organization": 3, "pi": 22}}, {"model": "researcher.researcher", "pk": 102, "fields": {"telephone": "704", "last_name": "Khanam-Raabe", "email": "khanam@ie-freiburg.mpg.de", "first_name": "Tasneem", "cost_unit": [21], "organization": 3, "pi": 3}}, {"model": "researcher.researcher", "pk": 103, "fields": {"telephone": "260", "last_name": "Kijima", "email": "kijima@ie-freiburg.mpg.de", "first_name": "Mika", "cost_unit": [1], "organization": 3, "pi": 8}}, {"model": "researcher.researcher", "pk": 104, "fields": {"telephone": "329", "last_name": "Kirk", "email": "kirk@ie-freiburg.mpg.de", "first_name": "Helen", "cost_unit": [1], "organization": 3, "pi": 8}}, {"model": "researcher.researcher", "pk": 105, "fields": {"telephone": "433", "last_name": "Klaesener", "email": "klaesener@ie-freiburg.mpg.de", "first_name": "Kathrin", "cost_unit": [26], "organization": 3, "pi": 28}}, {"model": "researcher.researcher", "pk": 106, "fields": {"telephone": "+49-(0)761-203 6522", "last_name": "Kofoed-Nielsen", "email": "kofoed@ie-freiburg.mpg.de", "first_name": "Michael", "cost_unit": [13], "organization": 3, "pi": 14}}, {"model": "researcher.researcher", "pk": 107, "fields": {"telephone": "577", "last_name": "Koidl", "email": "koidl@ie-freiburg.mpg.de", "first_name": "Stefanie", "cost_unit": [1], "organization": 3, "pi": 26}}, {"model": "researcher.researcher", "pk": 108, "fields": {"telephone": "240", "last_name": "Kolhe", "email": "kolhe@ie-freiburg.mpg.de", "first_name": "Janhavi", "cost_unit": [1], "organization": 3, "pi": 8}}, {"model": "researcher.researcher", "pk": 109, "fields": {"telephone": "770", "last_name": "Kometani", "email": "", "first_name": "Kohei", "cost_unit": [1], "organization": 3, "pi": 15}}, {"model": "researcher.researcher", "pk": 110, "fields": {"telephone": "433", "last_name": "Kori", "email": "", "first_name": "Yekaterina", "cost_unit": [26], "organization": 3, "pi": 28}}, {"model": "researcher.researcher", "pk": 111, "fields": {"telephone": "771", "last_name": "Korniychuk", "email": "korniychuk@ie-freiburg.mpg.de", "first_name": "Ganna", "cost_unit": [1], "organization": 3, "pi": 15}}, {"model": "researcher.researcher", "pk": 112, "fields": {"telephone": "791", "last_name": "Koschorz", "email": "koschorz@ie-freiburg.mpg.de", "first_name": "Birgit", "cost_unit": [1], "organization": 3, "pi": 20}}, {"model": "researcher.researcher", "pk": 113, "fields": {"telephone": "792", "last_name": "Kramps", "email": "kramps@ie-freiburg.mpg.de", "first_name": "Laura", "cost_unit": [1], "organization": 3, "pi": 27}}, {"model": "researcher.researcher", "pk": 114, "fields": {"telephone": "318", "last_name": "Krauth", "email": "krauth@ie-freiburg.mpg.de", "first_name": "Brigitte", "cost_unit": [1], "organization": 3, "pi": 8}}, {"model": "researcher.researcher", "pk": 115, "fields": {"telephone": "786", "last_name": "Lachner", "email": "lachner@ie-freiburg.mpg.de", "first_name": "Monika", "cost_unit": [1], "organization": 3, "pi": 20}}, {"model": "researcher.researcher", "pk": 116, "fields": {"telephone": "694", "last_name": "Lam", "email": "lam@ie-freiburg.mpg.de", "first_name": "Ken", "cost_unit": [21], "organization": 3, "pi": 3}}, {"model": "researcher.researcher", "pk": 117, "fields": {"telephone": "487", "last_name": "Lausch", "email": "lausch@ie-freiburg.mpg.de", "first_name": "Ute", "cost_unit": [1], "organization": 3, "pi": 22}}, {"model": "researcher.researcher", "pk": 118, "fields": {"telephone": "240", "last_name": "Lawir", "email": "lawir@ie-freiburg.mpg.de", "first_name": "Divine", "cost_unit": [1], "organization": 3, "pi": 8}}, {"model": "researcher.researcher", "pk": 119, "fields": {"telephone": "757", "last_name": "Lempradl", "email": "lempradl@ie-freiburg.mpg.de", "first_name": "Adelheid", "cost_unit": [1], "organization": 3, "pi": 27}}, {"model": "researcher.researcher", "pk": 120, "fields": {"telephone": "314", "last_name": "Levit_Zerdoun", "email": "levit@ie-freiburg.mpg.de", "first_name": "Ella", "cost_unit": [26], "organization": 3, "pi": 28}}, {"model": "researcher.researcher", "pk": 121, "fields": {"telephone": "755", "last_name": "Li", "email": "lir@ie-freiburg.mpg.de", "first_name": "Rui", "cost_unit": [16], "organization": 3, "pi": 15}}, {"model": "researcher.researcher", "pk": 122, "fields": {"telephone": "311", "last_name": "Lindner", "email": "lindner@ie-freiburg.mpg.de", "first_name": "John", "cost_unit": [1], "organization": 3, "pi": 24}}, {"model": "researcher.researcher", "pk": 123, "fields": {"telephone": "568", "last_name": "Lingg", "email": "lingg@ie-freiburg.mpg.de", "first_name": "Thomas", "cost_unit": [21], "organization": 3, "pi": 3}}, {"model": "researcher.researcher", "pk": 124, "fields": {"telephone": "793", "last_name": "Longinotto", "email": "longinotto@ie-freiburg.mpg.de", "first_name": "John", "cost_unit": [1], "organization": 3, "pi": 27}}, {"model": "researcher.researcher", "pk": 125, "fields": {"telephone": "792", "last_name": "Lu", "email": "lu@ie-freiburg.mpg.de", "first_name": "Tsai-Hsiu", "cost_unit": [3], "organization": 3, "pi": 27}}, {"model": "researcher.researcher", "pk": 126, "fields": {"telephone": "493", "last_name": "Lupar", "email": "lupar@ie-freiburg.mpg.de", "first_name": "Ekaterina", "cost_unit": [19], "organization": 3, "pi": 19}}, {"model": "researcher.researcher", "pk": 127, "fields": {"telephone": "425", "last_name": "Maity", "email": "maity@ie-freiburg.mpg.de", "first_name": "Palash", "cost_unit": [26], "organization": 3, "pi": 28}}, {"model": "researcher.researcher", "pk": 128, "fields": {"telephone": "574", "last_name": "Mare", "email": "mare@ie-freiburg.mpg.de", "first_name": "Marcela", "cost_unit": [1], "organization": 3, "pi": 20}}, {"model": "researcher.researcher", "pk": 129, "fields": {"telephone": "721", "last_name": "Martagon_Calderon", "email": "martagon@ie-freiburg.mpg.de", "first_name": "Natalia ", "cost_unit": [17], "organization": 3, "pi": 31}}, {"model": "researcher.researcher", "pk": 130, "fields": {"telephone": "240", "last_name": "Mateos", "email": "mateos@ie-freiburg.mpg.de", "first_name": "Fernando", "cost_unit": [1], "organization": 3, "pi": 8}}, {"model": "researcher.researcher", "pk": 131, "fields": {"telephone": "424", "last_name": "Mitterer", "email": "mitterer@ie-freiburg.mpg.de", "first_name": "Michael", "cost_unit": [26], "organization": 3, "pi": 28}}, {"model": "researcher.researcher", "pk": 132, "fields": {"telephone": "+49-(0)761-270-27430", "last_name": "Mock", "email": "kerstin.mock@uniklinik-freiburg.de", "first_name": "Kerstin", "cost_unit": [11], "organization": 4, "pi": 12}}, {"model": "researcher.researcher", "pk": 133, "fields": {"telephone": "440", "last_name": "Moreira", "email": "moreira@ie-freiburg.mpg.de", "first_name": "Madalena", "cost_unit": [1], "organization": 3, "pi": 17}}, {"model": "researcher.researcher", "pk": 134, "fields": {"telephone": "439", "last_name": "Morgen", "email": "", "first_name": "Anna-Maria", "cost_unit": [1], "organization": 3, "pi": 24}}, {"model": "researcher.researcher", "pk": 135, "fields": {"telephone": "770", "last_name": "Muellerke", "email": "muellerke@ie-freiburg.mpg.de", "first_name": "Stefanie", "cost_unit": [1], "organization": 3, "pi": 15}}, {"model": "researcher.researcher", "pk": 136, "fields": {"telephone": "730", "last_name": "Nechanitzky", "email": "nechanitzky@ie-freiburg.mpg.de", "first_name": "Robert", "cost_unit": [1], "organization": 3, "pi": 15}}, {"model": "researcher.researcher", "pk": 137, "fields": {"telephone": "583", "last_name": "Nguyen", "email": "nguyen@ie-freiburg.mpg.de", "first_name": "Nhuong", "cost_unit": [21], "organization": 3, "pi": 3}}, {"model": "researcher.researcher", "pk": 138, "fields": {"telephone": "319", "last_name": "Nielsen", "email": "nielsen@ie-freiburg.mpg.de", "first_name": "Peter", "cost_unit": [1], "organization": 3, "pi": 24}}, {"model": "researcher.researcher", "pk": 139, "fields": {"telephone": "315", "last_name": "Nusser", "email": "nusser@ie-freiburg.mpg.de", "first_name": "Anja", "cost_unit": [18], "organization": 3, "pi": 8}}, {"model": "researcher.researcher", "pk": 140, "fields": {"telephone": "699", "last_name": "Onishi-Seebacher", "email": "onishi@ie-freiburg.mpg.de", "first_name": "Megumi", "cost_unit": [1], "organization": 3, "pi": 20}}, {"model": "researcher.researcher", "pk": 141, "fields": {"telephone": "793", "last_name": "Oest", "email": "oest@ie-freiburg.mpg.de", "first_name": "Anita", "cost_unit": [1], "organization": 3, "pi": 27}}, {"model": "researcher.researcher", "pk": 142, "fields": {"telephone": "424", "last_name": "Osthof", "email": "", "first_name": "Kerstin", "cost_unit": [26], "organization": 3, "pi": 28}}, {"model": "researcher.researcher", "pk": 143, "fields": {"telephone": "691", "last_name": "Panhale", "email": "panhale@ie-freiburg.mpg.de", "first_name": "Amol", "cost_unit": [21], "organization": 3, "pi": 3}}, {"model": "researcher.researcher", "pk": 144, "fields": {"telephone": "779", "last_name": "Perrera", "email": "perrera@ie-freiburg.mpg.de", "first_name": "Valentina", "cost_unit": [1], "organization": 3, "pi": 20}}, {"model": "researcher.researcher", "pk": 145, "fields": {"telephone": "729", "last_name": "Phongbunchoo", "email": "phongbunchoo@ie-freiburg.mpg.de", "first_name": "Yutthaphong", "cost_unit": [1], "organization": 3, "pi": 15}}, {"model": "researcher.researcher", "pk": 146, "fields": {"telephone": "777", "last_name": "Pichler", "email": "pichler@ie-freiburg.mpg.de", "first_name": "Andrea", "cost_unit": [1], "organization": 3, "pi": 26}}, {"model": "researcher.researcher", "pk": 147, "fields": {"telephone": "781", "last_name": "Pinheiro", "email": "pinheiro@ie-freiburg.mpg.de", "first_name": "Ines", "cost_unit": [1], "organization": 3, "pi": 20}}, {"model": "researcher.researcher", "pk": 148, "fields": {"telephone": "721", "last_name": "Piragyte", "email": "piragyte@ie-freiburg.mpg.de", "first_name": "Indre", "cost_unit": [17], "organization": 3, "pi": 31}}, {"model": "researcher.researcher", "pk": 149, "fields": {"telephone": "576", "last_name": "Platania", "email": "platania@ie-freiburg.mpg.de", "first_name": "Leonardo", "cost_unit": [1], "organization": 3, "pi": 26}}, {"model": "researcher.researcher", "pk": 150, "fields": {"telephone": "422", "last_name": "Pohlmeyer", "email": "pohlmeyer@ie-freiburg.mpg.de", "first_name": "Roland", "cost_unit": [26], "organization": 3, "pi": 28}}, {"model": "researcher.researcher", "pk": 151, "fields": {"telephone": "757", "last_name": "Pospisilik", "email": "pospisilik@ie-freiburg.mpg.de", "first_name": "John Andrew", "cost_unit": [33], "organization": 3, "pi": 27}}, {"model": "researcher.researcher", "pk": 152, "fields": {"telephone": "0761-203 5303", "last_name": "Prei\u00dfl", "email": "Sebastian.Preissl@pharmakol.uni-freiburg.de", "first_name": "Sebastian", "cost_unit": [7], "organization": 4, "pi": 6}}, {"model": "researcher.researcher", "pk": 153, "fields": {"telephone": "473", "last_name": "Rago", "email": "rago@ie-freiburg.mpg.de", "first_name": "Luciano", "cost_unit": [1], "organization": 3, "pi": 22}}, {"model": "researcher.researcher", "pk": 154, "fields": {"telephone": "425", "last_name": "Rajasundaram", "email": "rajasundaram@ie-freiburg.mpg.de", "first_name": "Nisha", "cost_unit": [26], "organization": 3, "pi": 28}}, {"model": "researcher.researcher", "pk": 155, "fields": {"telephone": "731", "last_name": "Ramamoorthy", "email": "senthilkumar@ie-freiburg.mpg.de", "first_name": "Senthilkumar", "cost_unit": [1], "organization": 3, "pi": 15}}, {"model": "researcher.researcher", "pk": 156, "fields": {"telephone": "716", "last_name": "Ramos-Pittol", "email": "ramos_pittol@ie-freiburg.mpg.de", "first_name": "Jose ", "cost_unit": [1], "organization": 3, "pi": 29}}, {"model": "researcher.researcher", "pk": 157, "fields": {"telephone": "493", "last_name": "Rauf", "email": "rauf@ie-freiburg.mpg.de", "first_name": "Philipp", "cost_unit": [1], "organization": 3, "pi": 19}}, {"model": "researcher.researcher", "pk": 158, "fields": {"telephone": "424", "last_name": "Reipschlaeger", "email": "reipschlaeger@ie-freiburg.mpg.de", "first_name": "Simone", "cost_unit": [26], "organization": 3, "pi": 28}}, {"model": "researcher.researcher", "pk": 159, "fields": {"telephone": "421", "last_name": "Reth", "email": "reth@ie-freiburg.mpg.de", "first_name": "Michael", "cost_unit": [26], "organization": 3, "pi": 28}}, {"model": "researcher.researcher", "pk": 160, "fields": {"telephone": "577", "last_name": "Rettich", "email": "rettich@ie-freiburg.mpg.de", "first_name": "Jan", "cost_unit": [1], "organization": 3, "pi": 26}}, {"model": "researcher.researcher", "pk": 161, "fields": {"telephone": "06131 17 9336", "last_name": "Rogell", "email": "rogell@ie-freiburg.mpg.de", "first_name": "Leif", "cost_unit": [13], "organization": 3, "pi": 14}}, {"model": "researcher.researcher", "pk": 162, "fields": {"telephone": "0761- 203 6464", "last_name": "Roidl", "email": "deborah.roidl@anat.uni-freiburg.de", "first_name": "Deborah", "cost_unit": [4], "organization": 4, "pi": 2}}, {"model": "researcher.researcher", "pk": 163, "fields": {"telephone": "0761-203 5303", "last_name": "Rommel", "email": "carolin.rommel@pharmakol.uni-freiburg.de", "first_name": "Caroline", "cost_unit": [7], "organization": 4, "pi": 6}}, {"model": "researcher.researcher", "pk": 164, "fields": {"telephone": "229", "last_name": "Roesch", "email": "", "first_name": "Lea", "cost_unit": [1], "organization": 3, "pi": 8}}, {"model": "researcher.researcher", "pk": 165, "fields": {"telephone": "753", "last_name": "Rosenbaum", "email": "rosenbaum@ie-freiburg.mpg.de", "first_name": "Marc", "cost_unit": [1], "organization": 3, "pi": 15}}, {"model": "researcher.researcher", "pk": 166, "fields": {"telephone": "711", "last_name": "Rott", "email": "rott@ie-freiburg.mpg.de", "first_name": "Marika", "cost_unit": [1], "organization": 3, "pi": 15}}, {"model": "researcher.researcher", "pk": 167, "fields": {"telephone": "792", "last_name": "Ruf", "email": "ruf@ie-freiburg.mpg.de", "first_name": "Marius", "cost_unit": [15], "organization": 3, "pi": 27}}, {"model": "researcher.researcher", "pk": 168, "fields": {"telephone": "793", "last_name": "Sabev", "email": "sabev@ie-freiburg.mpg.de", "first_name": "Martin", "cost_unit": [1], "organization": 3, "pi": 27}}, {"model": "researcher.researcher", "pk": 169, "fields": {"telephone": "716", "last_name": "Saccani", "email": "saccani@ie-freiburg.mpg.de", "first_name": "Simona", "cost_unit": [1], "organization": 3, "pi": 29}}, {"model": "researcher.researcher", "pk": 170, "fields": {"telephone": "431", "last_name": "Sainz_Rueda", "email": "sainzrueda@ie-freiburg.mpg.de", "first_name": "Concepcion", "cost_unit": [1], "organization": 3, "pi": 21}}, {"model": "researcher.researcher", "pk": 171, "fields": {"telephone": "378", "last_name": "Sawarkar", "email": "sawarkar@ie-freiburg.mpg.de", "first_name": "Ritwick", "cost_unit": [24], "organization": 3, "pi": 30}}, {"model": "researcher.researcher", "pk": 172, "fields": {"telephone": "782", "last_name": "Sawitzki", "email": "sawitzki@ie-freiburg.mpg.de", "first_name": "Zoe", "cost_unit": [14], "organization": 3, "pi": 20}}, {"model": "researcher.researcher", "pk": 173, "fields": {"telephone": "564", "last_name": "Schmidl", "email": "schmidl@ie-freiburg.mpg.de", "first_name": "Linda", "cost_unit": [21], "organization": 3, "pi": 3}}, {"model": "researcher.researcher", "pk": 174, "fields": {"telephone": "431", "last_name": "Schneider", "email": "schneiderd@ie-freiburg.mpg.de", "first_name": "Dunja", "cost_unit": [1], "organization": 3, "pi": 21}}, {"model": "researcher.researcher", "pk": 175, "fields": {"telephone": "470", "last_name": "Schneider", "email": "schneider@ie-freiburg.mpg.de", "first_name": "Rosemary", "cost_unit": [1], "organization": 3, "pi": 22}}, {"model": "researcher.researcher", "pk": 176, "fields": {"telephone": "780", "last_name": "Schorpp", "email": "schorpp@ie-freiburg.mpg.de", "first_name": "Michael", "cost_unit": [20], "organization": 3, "pi": 8}}, {"model": "researcher.researcher", "pk": 177, "fields": {"telephone": "793", "last_name": "Selvaraj", "email": "selvaraj@ie-freiburg.mpg.de", "first_name": "Madhan", "cost_unit": [1], "organization": 3, "pi": 27}}, {"model": "researcher.researcher", "pk": 178, "fields": {"telephone": "692", "last_name": "Semplicio", "email": "semplicio@ie-freiburg.mpg.de", "first_name": "Giuseppe", "cost_unit": [21], "organization": 3, "pi": 3}}, {"model": "researcher.researcher", "pk": 179, "fields": {"telephone": "782", "last_name": "Shukeir", "email": "shukeir@ie-freiburg.mpg.de", "first_name": "Nicholas", "cost_unit": [1], "organization": 3, "pi": 20}}, {"model": "researcher.researcher", "pk": 180, "fields": {"telephone": "707", "last_name": "Shvedunova", "email": "shvedunova@ie-freiburg.mpg.de", "first_name": "Maria", "cost_unit": [21], "organization": 3, "pi": 3}}, {"model": "researcher.researcher", "pk": 181, "fields": {"telephone": "325", "last_name": "Simons", "email": "simons@ie-freiburg.mpg.de", "first_name": "Laura", "cost_unit": [1], "organization": 3, "pi": 8}}, {"model": "researcher.researcher", "pk": 182, "fields": {"telephone": "240", "last_name": "Sommer", "email": "sommer@ie-freiburg.mpg.de", "first_name": "Nadine", "cost_unit": [1], "organization": 3, "pi": 8}}, {"model": "researcher.researcher", "pk": 183, "fields": {"telephone": "422", "last_name": "Staniek", "email": "", "first_name": "Julian", "cost_unit": [26], "organization": 3, "pi": 28}}, {"model": "researcher.researcher", "pk": 184, "fields": {"telephone": "0761-270-51090", "last_name": "Staszewski", "email": "ori.staszewski@uniklinik-freiburg.de", "first_name": "Ori", "cost_unit": [8], "organization": 4, "pi": 9}}, {"model": "researcher.researcher", "pk": 185, "fields": {"telephone": "514", "last_name": "Stehle", "email": "stehle@ie-freiburg.mpg.de", "first_name": "Thomas", "cost_unit": [21], "organization": 3, "pi": 3}}, {"model": "researcher.researcher", "pk": 186, "fields": {"telephone": "477", "last_name": "Stemmler", "email": "stemmler@ie-freiburg.mpg.de", "first_name": "Marc", "cost_unit": [1], "organization": 3, "pi": 22}}, {"model": "researcher.researcher", "pk": 187, "fields": {"telephone": "317", "last_name": "Strohmeier", "email": "strohmeier@ie-freiburg.mpg.de", "first_name": "Christine", "cost_unit": [1], "organization": 3, "pi": 8}}, {"model": "researcher.researcher", "pk": 188, "fields": {"telephone": "436", "last_name": "Surova", "email": "surova@ie-freiburg.mpg.de", "first_name": "Elena", "cost_unit": [1], "organization": 3, "pi": 21}}, {"model": "researcher.researcher", "pk": 189, "fields": {"telephone": "317", "last_name": "Swann", "email": "swann@ie-freiburg.mpg.de", "first_name": "Jeremy", "cost_unit": [1], "organization": 3, "pi": 8}}, {"model": "researcher.researcher", "pk": 190, "fields": {"telephone": "783", "last_name": "Swist", "email": "swist@ie-freiburg.mpg.de", "first_name": "Kalina", "cost_unit": [1], "organization": 3, "pi": 20}}, {"model": "researcher.researcher", "pk": 191, "fields": {"telephone": "577", "last_name": "Talloji", "email": "talloji@ie-freiburg.mpg.de", "first_name": "Prabhavathi", "cost_unit": [1], "organization": 3, "pi": 26}}, {"model": "researcher.researcher", "pk": 192, "fields": {"telephone": "793", "last_name": "Teperino", "email": "teperino@ie-freiburg.mpg.de", "first_name": "Raffaele", "cost_unit": [1], "organization": 3, "pi": 27}}, {"model": "researcher.researcher", "pk": 193, "fields": {"telephone": "781", "last_name": "Termanis", "email": "termanis@ie-freiburg.mpg.de", "first_name": "Ausma", "cost_unit": [1], "organization": 3, "pi": 20}}, {"model": "researcher.researcher", "pk": 194, "fields": {"telephone": "577", "last_name": "Tibbles", "email": "tibbles@ie-freiburg.mpg.de", "first_name": "Katherine", "cost_unit": [1], "organization": 3, "pi": 26}}, {"model": "researcher.researcher", "pk": 195, "fields": {"telephone": "618", "last_name": "Tomar", "email": "tomar@ie-freiburg.mpg.de", "first_name": "Parul", "cost_unit": [24], "organization": 3, "pi": 30}}, {"model": "researcher.researcher", "pk": 196, "fields": {"telephone": "693", "last_name": "Toscano", "email": "toscano@ie-freiburg.mpg.de", "first_name": "Sarah", "cost_unit": [21], "organization": 3, "pi": 3}}, {"model": "researcher.researcher", "pk": 197, "fields": {"telephone": "550", "last_name": "Trompouki", "email": "trompouki@ie-freiburg.mpg.de", "first_name": "Eirini", "cost_unit": [17], "organization": 3, "pi": 31}}, {"model": "researcher.researcher", "pk": 198, "fields": {"telephone": "706", "last_name": "Turley", "email": "turley@ie-freiburg.mpg.de", "first_name": "Matthew", "cost_unit": [21], "organization": 3, "pi": 3}}, {"model": "researcher.researcher", "pk": 199, "fields": {"telephone": "425", "last_name": "Uebelhart", "email": "uebelhart@ie-freiburg.mpg.de", "first_name": "Rudolf", "cost_unit": [1], "organization": 3, "pi": 21}}, {"model": "researcher.researcher", "pk": 200, "fields": {"telephone": "716", "last_name": "Van_Essen", "email": "essen@ie-freiburg.mpg.de", "first_name": "Dominic", "cost_unit": [1], "organization": 3, "pi": 29}}, {"model": "researcher.researcher", "pk": 201, "fields": {"telephone": "770", "last_name": "Van_Keimpema", "email": "vankeimpema@ie-freiburg.mpg.de", "first_name": "Martine", "cost_unit": [1], "organization": 3, "pi": 15}}, {"model": "researcher.researcher", "pk": 202, "fields": {"telephone": "782", "last_name": "Velazquez", "email": "velazquez@ie-freiburg.mpg.de", "first_name": "Oscar", "cost_unit": [1], "organization": 3, "pi": 20}}, {"model": "researcher.researcher", "pk": 203, "fields": {"telephone": "792", "last_name": "Villegas", "email": "villegas@ie-freiburg.mpg.de", "first_name": "Florian", "cost_unit": [1], "organization": 3, "pi": 27}}, {"model": "researcher.researcher", "pk": 204, "fields": {"telephone": "427", "last_name": "Volkmann", "email": "volkmann@ie-freiburg.mpg.de", "first_name": "Christoph", "cost_unit": [26], "organization": 3, "pi": 28}}, {"model": "researcher.researcher", "pk": 205, "fields": {"telephone": "792", "last_name": "Wagner", "email": "", "first_name": "Gabriel", "cost_unit": [1], "organization": 3, "pi": 27}}, {"model": "researcher.researcher", "pk": 206, "fields": {"telephone": "433", "last_name": "Werner", "email": "werner@ie-freiburg.mpg.de", "first_name": "Markus", "cost_unit": [1], "organization": 3, "pi": 21}}, {"model": "researcher.researcher", "pk": 207, "fields": {"telephone": "422", "last_name": "Wilhelm", "email": "", "first_name": "Isabel", "cost_unit": [26], "organization": 3, "pi": 28}}, {"model": "researcher.researcher", "pk": 208, "fields": {"telephone": "451", "last_name": "Winter", "email": "winter@ie-freiburg.mpg.de", "first_name": "Jennifer", "cost_unit": [1], "organization": 3, "pi": 22}}, {"model": "researcher.researcher", "pk": 209, "fields": {"telephone": "577", "last_name": "Wollenweber", "email": "wollenweber@ie-freiburg.mpg.de", "first_name": "Tassilo", "cost_unit": [1], "organization": 3, "pi": 26}}, {"model": "researcher.researcher", "pk": 210, "fields": {"telephone": "755", "last_name": "Yang", "email": "yangc@ie-freiburg.mpg.de", "first_name": "Cheng-Yuan", "cost_unit": [16], "organization": 3, "pi": 15}}, {"model": "researcher.researcher", "pk": 211, "fields": {"telephone": "427", "last_name": "Yang", "email": "yang@ie-freiburg.mpg.de", "first_name": "Jianying", "cost_unit": [27], "organization": 3, "pi": 28}}, {"model": "researcher.researcher", "pk": 212, "fields": {"telephone": "716", "last_name": "Yin", "email": "yin@ie-freiburg.mpg.de", "first_name": "Na", "cost_unit": [17], "organization": 3, "pi": 31}}, {"model": "researcher.researcher", "pk": 213, "fields": {"telephone": "618", "last_name": "Yoveva", "email": "yoveva@ie-freiburg.mpg.de", "first_name": "Aneliya", "cost_unit": [1], "organization": 3, "pi": 30}}, {"model": "researcher.researcher", "pk": 214, "fields": {"telephone": "618", "last_name": "Zamattia", "email": "zamattia@ie-freiburg.mpg.de", "first_name": "Enrico", "cost_unit": [1], "organization": 3, "pi": 30}}, {"model": "researcher.researcher", "pk": 215, "fields": {"telephone": "", "last_name": "Tosic", "email": "tosic.milica@uniklinik-freiburg.de", "first_name": "Milica", "cost_unit": [5], "organization": 4, "pi": 4}}, {"model": "researcher.researcher", "pk": 216, "fields": {"telephone": "0761-203-5323", "last_name": "Gilsbach", "email": " Ralf.Gilsbach@pharmakol.uni-freiburg.de", "first_name": "Ralf", "cost_unit": [7], "organization": 4, "pi": 6}}, {"model": "researcher.researcher", "pk": 217, "fields": {"telephone": "0761-270-63370", "last_name": "Koellerer", "email": "christoph.koellerer@uniklinik-freiburg.de", "first_name": "Christoph", "cost_unit": [6], "organization": 4, "pi": 5}}, {"model": "researcher.researcher", "pk": 218, "fields": {"telephone": "693", "last_name": "Sheikh", "email": "sheikh@ie-freiburg.mpg.de", "first_name": "Bilal", "cost_unit": [21], "organization": 3, "pi": 3}}, {"model": "researcher.researcher", "pk": 219, "fields": {"telephone": "779", "last_name": "Iovino", "email": "iovino@ie-freiburg.mpg.de", "first_name": "Nicola", "cost_unit": [22], "organization": 3, "pi": 18}}, {"model": "researcher.researcher", "pk": 220, "fields": {"telephone": "076127071960", "last_name": "Gregor", "email": "gregor.klaus@unilklinik-freiburg.de", "first_name": "Klaus", "cost_unit": [10], "organization": 4, "pi": 11}}, {"model": "researcher.researcher", "pk": 221, "fields": {"telephone": " 0761 270 61070", "last_name": "Greschik", "email": "holger.greschik@uniklinik-freiburg.de", "first_name": "Holger", "cost_unit": [5], "organization": 4, "pi": 4}}, {"model": "researcher.researcher", "pk": 222, "fields": {"telephone": "695", "last_name": "Hmadi", "email": "hmadi@ie-freiburg.mpg.de", "first_name": "Raed", "cost_unit": [21], "organization": 3, "pi": 3}}, {"model": "researcher.researcher", "pk": 223, "fields": {"telephone": "07612036464", "last_name": "Bovio", "email": "patrick.bovio@anat.uni-freiburg.de", "first_name": "Patrick", "cost_unit": [4], "organization": 4, "pi": 2}}, {"model": "researcher.researcher", "pk": 224, "fields": {"telephone": "0761 270 61070", "last_name": "Guenther", "email": "thomas.guenther@uniklinik-freiburg.de", "first_name": "Thomas", "cost_unit": [5], "organization": 4, "pi": 4}}, {"model": "researcher.researcher", "pk": 225, "fields": {"telephone": "076120397207", "last_name": "Thriene", "email": "kerstin.thriene@uniklinik-freiburg.de", "first_name": "Kerstin ", "cost_unit": [37], "organization": 4, "pi": 32}}, {"model": "researcher.researcher", "pk": 226, "fields": {"telephone": "0761 270 51100", "last_name": "Spiess", "email": "alena.spiess@uniklinik-freiburg.de", "first_name": "Alena", "cost_unit": [8], "organization": 4, "pi": 9}}, {"model": "researcher.researcher", "pk": 227, "fields": {"telephone": "0761-270-63370", "last_name": "Wang", "email": "wei.wang@uniklinik-freiburg.de", "first_name": "Wei", "cost_unit": [6], "organization": 4, "pi": 5}}, {"model": "researcher.researcher", "pk": 228, "fields": {"telephone": "", "last_name": "Urban", "email": "sylvia.urban@uniklinik-freiburg.de", "first_name": "Sylvia", "cost_unit": [5], "organization": 4, "pi": 4}}, {"model": "researcher.researcher", "pk": 229, "fields": {"telephone": "", "last_name": "Castex", "email": "josefina.castex@uniklinik-freiburg.de", "first_name": "Josefina", "cost_unit": [5], "organization": 4, "pi": 4}}, {"model": "researcher.researcher", "pk": 230, "fields": {"telephone": "433", "last_name": "He", "email": "he@ie-freiburg.mpg.de", "first_name": "Xiaocui", "cost_unit": [26], "organization": 3, "pi": 28}}, {"model": "researcher.researcher", "pk": 231, "fields": {"telephone": "725", "last_name": "Sagar", "email": "sagar@ie-freiburg.mpg.de", "first_name": "Sagar", "cost_unit": [23], "organization": 3, "pi": 16}}, {"model": "researcher.researcher", "pk": 232, "fields": {"telephone": "725", "last_name": "Herman", "email": "herman@ie-freiburg.mpg.de", "first_name": "Josip", "cost_unit": [23], "organization": 3, "pi": 16}}, {"model": "researcher.researcher", "pk": 233, "fields": {"telephone": "0761-7669144", "last_name": "Boenisch", "email": "andi@boenisch-online.de", "first_name": "Andreas", "cost_unit": [2], "organization": 4, "pi": 7}}, {"model": "researcher.researcher", "pk": 234, "fields": {"telephone": "734", "last_name": "Ibarra", "email": "ibarra@ie-freiburg.mpg.de", "first_name": "Andrea", "cost_unit": [22], "organization": 3, "pi": 18}}, {"model": "researcher.researcher", "pk": 235, "fields": {"telephone": "481", "last_name": "Sanin", "email": "sanin@ie-freiburg.mpg.de", "first_name": "David", "cost_unit": [25], "organization": 3, "pi": 25}}, {"model": "researcher.researcher", "pk": 236, "fields": {"telephone": "783", "last_name": "Gamalinda", "email": "gamalinda@ie-freiburg.mpg.de", "first_name": "Michael", "cost_unit": [35], "organization": 3, "pi": 20}}, {"model": "researcher.researcher", "pk": 237, "fields": {"telephone": "792", "last_name": "Ihor", "email": "yurkevych@ie-freiburg.mpg.de", "first_name": "Yurkevych", "cost_unit": [28], "organization": 3, "pi": 27}}, {"model": "researcher.researcher", "pk": 238, "fields": {"telephone": "248", "last_name": "Mihlan", "email": "mihlan@ie-freiburg.mpg.de", "first_name": "Michael", "cost_unit": [32], "organization": 3, "pi": 23}}, {"model": "researcher.researcher", "pk": 239, "fields": {"telephone": "792", "last_name": "Yang", "email": "yangl@ie-freiburg.mpg.de", "first_name": "Chih-Hsiang", "cost_unit": [12], "organization": 3, "pi": 27}}, {"model": "researcher.researcher", "pk": 240, "fields": {"telephone": "782", "last_name": "Fuhrmann", "email": "fuhrmann@ie-freiburg.mpg.de", "first_name": "Thomas", "cost_unit": [34], "organization": 3, "pi": 20}}, {"model": "researcher.researcher", "pk": 241, "fields": {"telephone": "240", "last_name": "He\u00df", "email": "hess@ie-freiburg.mpg.de", "first_name": "Isabell", "cost_unit": [20], "organization": 3, "pi": 8}}, {"model": "researcher.researcher", "pk": 242, "fields": {"telephone": "696", "last_name": "Basilicata", "email": "basilicata@ie-freiburg.mpg.de", "first_name": "Maria", "cost_unit": [21], "organization": 3, "pi": 3}}, {"model": "researcher.researcher", "pk": 243, "fields": {"telephone": "436", "last_name": "Medgyesi", "email": "medgyesi@ie-freiburg.mpg.de", "first_name": "David", "cost_unit": [38], "organization": 3, "pi": 28}}, {"model": "researcher.researcher", "pk": 244, "fields": {"telephone": "782", "last_name": "Puri", "email": "puri@ie-freiburg.mpg.de", "first_name": "Deepika", "cost_unit": [14], "organization": 3, "pi": 20}}, {"model": "researcher.researcher", "pk": 245, "fields": {"telephone": "328", "last_name": "Boehm", "email": "boehm@ie-freiburg.mpg.de", "first_name": "Thomas", "cost_unit": [18], "organization": 3, "pi": 8}}, {"model": "researcher.researcher", "pk": 246, "fields": {"telephone": "770", "last_name": "Antonio_Urrutia", "email": "antonio@ie-freiburg.mpg.de", "first_name": "Gustavo", "cost_unit": [16], "organization": 3, "pi": 15}}, {"model": "researcher.researcher", "pk": 247, "fields": {"telephone": "779", "last_name": "Montavon", "email": "montavon@ie-freiburg.mpg.de", "first_name": "Thomas", "cost_unit": [35], "organization": 3, "pi": 20}}]