[{"fields": {"name": "-"}, "model": "researcher.principalinvestigator", "pk": 1}, {"fields": {"name": "A03_Vogel"}, "model": "researcher.principalinvestigator", "pk": 2}, {"fields": {"name": "Akhtar"}, "model": "researcher.principalinvestigator", "pk": 3}, {"fields": {"name": "B01_Schuele"}, "model": "researcher.principalinvestigator", "pk": 4}, {"fields": {"name": "B02_Pahl"}, "model": "researcher.principalinvestigator", "pk": 5}, {"fields": {"name": "B03_Hein"}, "model": "researcher.principalinvestigator", "pk": 6}, {"fields": {"name": "B05_Huber"}, "model": "researcher.principalinvestigator", "pk": 7}, {"fields": {"name": "Boehm"}, "model": "researcher.principalinvestigator", "pk": 8}, {"fields": {"name": "C02_Prinz"}, "model": "researcher.principalinvestigator", "pk": 9}, {"fields": {"name": "C03_La\u00dfmann"}, "model": "researcher.principalinvestigator", "pk": 10}, {"fields": {"name": "C04_Luebbert"}, "model": "researcher.principalinvestigator", "pk": 11}, {"fields": {"name": "C06_Brabletz"}, "model": "researcher.principalinvestigator", "pk": 12}, {"fields": {"name": "Deep_Sequencing_Unit"}, "model": "researcher.principalinvestigator", "pk": 13}, {"fields": {"name": "Diefenbach"}, "model": "researcher.principalinvestigator", "pk": 14}, {"fields": {"name": "Grosschedl"}, "model": "researcher.principalinvestigator", "pk": 15}, {"fields": {"name": "Gruen"}, "model": "researcher.principalinvestigator", "pk": 16}, {"fields": {"name": "IMPRS"}, "model": "researcher.principalinvestigator", "pk": 17}, {"fields": {"name": "Iovino"}, "model": "researcher.principalinvestigator", "pk": 18}, {"fields": {"name": "Izcue"}, "model": "researcher.principalinvestigator", "pk": 19}, {"fields": {"name": "Jenuwein"}, "model": "researcher.principalinvestigator", "pk": 20}, {"fields": {"name": "Jumaa"}, "model": "researcher.principalinvestigator", "pk": 21}, {"fields": {"name": "Kemler"}, "model": "researcher.principalinvestigator", "pk": 22}, {"fields": {"name": "Laemmermann"}, "model": "researcher.principalinvestigator", "pk": 23}, {"fields": {"name": "Nielsen"}, "model": "researcher.principalinvestigator", "pk": 24}, {"fields": {"name": "PearceEd"}, "model": "researcher.principalinvestigator", "pk": 25}, {"fields": {"name": "Pichler"}, "model": "researcher.principalinvestigator", "pk": 26}, {"fields": {"name": "Pospisilik"}, "model": "researcher.principalinvestigator", "pk": 27}, {"fields": {"name": "Reth"}, "model": "researcher.principalinvestigator", "pk": 28}, {"fields": {"name": "Saccani"}, "model": "researcher.principalinvestigator", "pk": 29}, {"fields": {"name": "Sawarkar"}, "model": "researcher.principalinvestigator", "pk": 30}, {"fields": {"name": "Trompouki"}, "model": "researcher.principalinvestigator", "pk": 31}, {"fields": {"name": "Z01_Backofen"}, "model": "researcher.principalinvestigator", "pk": 32}, {"fields": {"name": "-"}, "model": "researcher.organization", "pk": 1}, {"fields": {"name": "DEEP"}, "model": "researcher.organization", "pk": 2}, {"fields": {"name": "MPI-IE"}, "model": "researcher.organization", "pk": 3}, {"fields": {"name": "University_Freiburg"}, "model": "researcher.organization", "pk": 4}, {"fields": {"name": "-"}, "model": "researcher.costunit", "pk": 1}, {"fields": {"name": "123"}, "model": "researcher.costunit", "pk": 2}, {"fields": {"name": "7615"}, "model": "researcher.costunit", "pk": 3}, {"fields": {"name": "A03_Vogel"}, "model": "researcher.costunit", "pk": 4}, {"fields": {"name": "B01_Schuele"}, "model": "researcher.costunit", "pk": 5}, {"fields": {"name": "B02_Pahl"}, "model": "researcher.costunit", "pk": 6}, {"fields": {"name": "B03_Hein"}, "model": "researcher.costunit", "pk": 7}, {"fields": {"name": "C02_Prinz"}, "model": "researcher.costunit", "pk": 8}, {"fields": {"name": "C03_Lassmann"}, "model": "researcher.costunit", "pk": 9}, {"fields": {"name": "C04_Luebbert"}, "model": "researcher.costunit", "pk": 10}, {"fields": {"name": "C06_Brabletz"}, "model": "researcher.costunit", "pk": 11}, {"fields": {"name": "Deep7992"}, "model": "researcher.costunit", "pk": 12}, {"fields": {"name": "Diefenbach"}, "model": "researcher.costunit", "pk": 13}, {"fields": {"name": "K100"}, "model": "researcher.costunit", "pk": 14}, {"fields": {"name": "K102"}, "model": "researcher.costunit", "pk": 15}, {"fields": {"name": "K150"}, "model": "researcher.costunit", "pk": 16}, {"fields": {"name": "K152"}, "model": "researcher.costunit", "pk": 17}, {"fields": {"name": "K300"}, "model": "researcher.costunit", "pk": 18}, {"fields": {"name": "K310"}, "model": "researcher.costunit", "pk": 19}, {"fields": {"name": "K330"}, "model": "researcher.costunit", "pk": 20}, {"fields": {"name": "K400"}, "model": "researcher.costunit", "pk": 21}, {"fields": {"name": "K410"}, "model": "researcher.costunit", "pk": 22}, {"fields": {"name": "K510"}, "model": "researcher.costunit", "pk": 23}, {"fields": {"name": "K520"}, "model": "researcher.costunit", "pk": 24}, {"fields": {"name": "K570"}, "model": "researcher.costunit", "pk": 25}, {"fields": {"name": "K600"}, "model": "researcher.costunit", "pk": 26}, {"fields": {"name": "K610"}, "model": "researcher.costunit", "pk": 27}, {"fields": {"name": "K701"}, "model": "researcher.costunit", "pk": 28}, {"fields": {"name": "K710"}, "model": "researcher.costunit", "pk": 29}, {"fields": {"name": "K7614"}, "model": "researcher.costunit", "pk": 30}, {"fields": {"name": "K947"}, "model": "researcher.costunit", "pk": 31}, {"fields": {"name": "M.TN.A.IMMU0001"}, "model": "researcher.costunit", "pk": 32}, {"fields": {"name": "P.S.IMMU7992"}, "model": "researcher.costunit", "pk": 33}, {"fields": {"name": "P.S.Immu411"}, "model": "researcher.costunit", "pk": 34}, {"fields": {"name": "P.S.Immu7611"}, "model": "researcher.costunit", "pk": 35}, {"fields": {"name": "PS.Immu.7991"}, "model": "researcher.costunit", "pk": 36}, {"fields": {"name": "Z01_Backofen"}, "model": "researcher.costunit", "pk": 37}, {"fields": {"name": "ask Reth"}, "model": "researcher.costunit", "pk": 38}, {"fields": {"name": "sss"}, "model": "researcher.costunit", "pk": 39}, {"fields": {"organization": 4, "pi": 10, "last_name": "Ahrens", "costunit": [9], "email": "theresa.ahrens@uniklinik-freiburg.de", "first_name": "Theresa", "telephone": "0761-270 80300"}, "model": "researcher.researcher", "pk": 1}, {"fields": {"organization": 3, "pi": 15, "last_name": "Akbas", "costunit": [1], "email": "akbas@ie-freiburg.mpg.de", "first_name": "Duygu", "telephone": "731"}, "model": "researcher.researcher", "pk": 2}, {"fields": {"organization": 3, "pi": 3, "last_name": "Akhtar", "costunit": [21], "email": "akhtar@ie-freiburg.mpg.de", "first_name": "Asifa", "telephone": "565"}, "model": "researcher.researcher", "pk": 3}, {"fields": {"organization": 3, "pi": 3, "last_name": "Aktas_Ilik", "costunit": [21], "email": "aktas@ie-freiburg.mpg.de", "first_name": "Tugce", "telephone": "691"}, "model": "researcher.researcher", "pk": 4}, {"fields": {"organization": 3, "pi": 21, "last_name": "Alkhatib", "costunit": [1], "email": "alkhatib@ie-freiburg.mpg.de", "first_name": "Alabbas", "telephone": "433"}, "model": "researcher.researcher", "pk": 5}, {"fields": {"organization": 3, "pi": 21, "last_name": "Alshamee", "costunit": [1], "email": "", "first_name": "Alaa", "telephone": "431"}, "model": "researcher.researcher", "pk": 6}, {"fields": {"organization": 3, "pi": 15, "last_name": "Andreani", "costunit": [2], "email": "andreani@ie-freiburg.mpg.de", "first_name": "Virginia", "telephone": "771"}, "model": "researcher.researcher", "pk": 7}, {"fields": {"organization": 3, "pi": 30, "last_name": "Aprile_Garcia", "costunit": [24], "email": "aprile@ie-freiburg.mpg.de", "first_name": "Fernando", "telephone": "618"}, "model": "researcher.researcher", "pk": 8}, {"fields": {"organization": 2, "pi": 13, "last_name": "Arrigoni", "costunit": [36], "email": "arrigoni@ie-freiburg.mpg.de", "first_name": "Laura", "telephone": "586"}, "model": "researcher.researcher", "pk": 9}, {"fields": {"organization": 3, "pi": 21, "last_name": "Bach", "costunit": [39], "email": "bach@ie-freiburg.mpg.de", "first_name": "Martina", "telephone": "431"}, "model": "researcher.researcher", "pk": 10}, {"fields": {"organization": 3, "pi": 17, "last_name": "Baer_Radermacher", "costunit": [1], "email": "baer@ie-freiburg.mpg.de", "first_name": "Magdalena", "telephone": "447"}, "model": "researcher.researcher", "pk": 11}, {"fields": {"organization": 3, "pi": 15, "last_name": "Band", "costunit": [1], "email": "", "first_name": "Simone", "telephone": "770"}, "model": "researcher.researcher", "pk": 12}, {"fields": {"organization": 3, "pi": 22, "last_name": "Bank", "costunit": [1], "email": "bank@ie-freiburg.mpg.de", "first_name": "Johannes", "telephone": "487"}, "model": "researcher.researcher", "pk": 13}, {"fields": {"organization": 3, "pi": 26, "last_name": "Bauer", "costunit": [1], "email": "bauer@ie-freiburg.mpg.de", "first_name": "Amelie", "telephone": "577"}, "model": "researcher.researcher", "pk": 14}, {"fields": {"organization": 3, "pi": 28, "last_name": "Becker", "costunit": [26], "email": "becker@ie-freiburg.mpg.de", "first_name": "Martin", "telephone": "433"}, "model": "researcher.researcher", "pk": 15}, {"fields": {"organization": 3, "pi": 13, "last_name": "Betancourt", "costunit": [1], "email": "betancourt@ie-freiburg.mpg.de", "first_name": "Emily", "telephone": "680"}, "model": "researcher.researcher", "pk": 16}, {"fields": {"organization": 3, "pi": 8, "last_name": "Birmelin", "costunit": [1], "email": "birmelin@ie-freiburg.mpg.de", "first_name": "Stefanie", "telephone": "318"}, "model": "researcher.researcher", "pk": 17}, {"fields": {"organization": 3, "pi": 15, "last_name": "Boller", "costunit": [16], "email": "boller@ie-freiburg.mpg.de", "first_name": "Soeren", "telephone": "755"}, "model": "researcher.researcher", "pk": 18}, {"fields": {"organization": 3, "pi": 13, "last_name": "Boenisch", "costunit": [31], "email": "boenisch@ie-freiburg.mpg.de", "first_name": "Ulrike", "telephone": "697"}, "model": "researcher.researcher", "pk": 19}, {"fields": {"organization": 3, "pi": 28, "last_name": "Boersig", "costunit": [26], "email": "boersig@ie-freiburg.mpg.de", "first_name": "Theresa", "telephone": "436"}, "model": "researcher.researcher", "pk": 20}, {"fields": {"organization": 3, "pi": 19, "last_name": "Brack", "costunit": [1], "email": "brack@ie-freiburg.mpg.de", "first_name": "Maria", "telephone": "493"}, "model": "researcher.researcher", "pk": 21}, {"fields": {"organization": 3, "pi": 22, "last_name": "Braeutigam", "costunit": [1], "email": "braeutigam@ie-freiburg.mpg.de", "first_name": "Christien", "telephone": "473"}, "model": "researcher.researcher", "pk": 22}, {"fields": {"organization": 3, "pi": 17, "last_name": "Breitner", "costunit": [1], "email": "breitner@ie-freiburg.mpg.de", "first_name": "Elisabeth", "telephone": "449"}, "model": "researcher.researcher", "pk": 23}, {"fields": {"organization": 3, "pi": 19, "last_name": "Bremser", "costunit": [19], "email": "bremser@ie-freiburg.mpg.de", "first_name": "Anna", "telephone": "493"}, "model": "researcher.researcher", "pk": 24}, {"fields": {"organization": 3, "pi": 28, "last_name": "Brenker", "costunit": [26], "email": "brenker@ie-freiburg.mpg.de", "first_name": "Kathrin", "telephone": "439"}, "model": "researcher.researcher", "pk": 25}, {"fields": {"organization": 3, "pi": 28, "last_name": "Brings", "costunit": [26], "email": "brings@ie-freiburg.mpg.de", "first_name": "Naema", "telephone": "433"}, "model": "researcher.researcher", "pk": 26}, {"fields": {"organization": 3, "pi": 19, "last_name": "Budnicki", "costunit": [1], "email": "budnicki@ie-freiburg.mpg.de", "first_name": "Iwona", "telephone": "321"}, "model": "researcher.researcher", "pk": 27}, {"fields": {"organization": 3, "pi": 3, "last_name": "Chatterjee", "costunit": [21], "email": "chatterjee@ie-freiburg.mpg.de", "first_name": "Aindrila", "telephone": "694"}, "model": "researcher.researcher", "pk": 28}, {"fields": {"organization": 3, "pi": 26, "last_name": "Chaugule", "costunit": [1], "email": "chaugule@ie-freiburg.mpg.de", "first_name": "Viduth", "telephone": "577"}, "model": "researcher.researcher", "pk": 29}, {"fields": {"organization": 3, "pi": 15, "last_name": "Chechik", "costunit": [1], "email": "chechik@ie-freiburg.mpg.de", "first_name": "Lyubov", "telephone": "770"}, "model": "researcher.researcher", "pk": 30}, {"fields": {"organization": 3, "pi": 3, "last_name": "Chelmicki", "costunit": [21], "email": "chelmicki@ie-freiburg.mpg.de", "first_name": "Tomasz", "telephone": "514"}, "model": "researcher.researcher", "pk": 31}, {"fields": {"organization": 3, "pi": 20, "last_name": "Ching", "costunit": [1], "email": "ching@ie-freiburg.mpg.de", "first_name": "Reagan", "telephone": "781"}, "model": "researcher.researcher", "pk": 32}, {"fields": {"organization": 3, "pi": 3, "last_name": "Chlamydas", "costunit": [21], "email": "chlamydas@ie-freiburg.mpg.de", "first_name": "Sarantis", "telephone": "707"}, "model": "researcher.researcher", "pk": 33}, {"fields": {"organization": 3, "pi": 15, "last_name": "Cico", "costunit": [1], "email": "", "first_name": "Janina", "telephone": "770"}, "model": "researcher.researcher", "pk": 34}, {"fields": {"organization": 3, "pi": 28, "last_name": "Cramer", "costunit": [26], "email": "cramer@ie-freiburg.mpg.de", "first_name": "Sophie", "telephone": "427"}, "model": "researcher.researcher", "pk": 35}, {"fields": {"organization": 3, "pi": 27, "last_name": "Dalgaard", "costunit": [30], "email": "dalgaard@ie-freiburg.mpg.de", "first_name": "Kevin", "telephone": "792"}, "model": "researcher.researcher", "pk": 36}, {"fields": {"organization": 3, "pi": 3, "last_name": "Dasmeh", "costunit": [21], "email": "dasmeh@ie-freiburg.mpg.de", "first_name": "Pouria", "telephone": "706"}, "model": "researcher.researcher", "pk": 37}, {"fields": {"organization": 3, "pi": 20, "last_name": "De_la_Rosa", "costunit": [14], "email": "delarosa@ie-freiburg.mpg.de", "first_name": "Inti", "telephone": "783"}, "model": "researcher.researcher", "pk": 38}, {"fields": {"organization": 3, "pi": 15, "last_name": "Derecka", "costunit": [16], "email": "derecka@ie-freiburg.mpg.de", "first_name": "Marta", "telephone": "731"}, "model": "researcher.researcher", "pk": 39}, {"fields": {"organization": 3, "pi": 28, "last_name": "Deronja", "costunit": [26], "email": "", "first_name": "Ognjen", "telephone": "422"}, "model": "researcher.researcher", "pk": 40}, {"fields": {"organization": 3, "pi": 8, "last_name": "Diekhoff", "costunit": [1], "email": "diekhoff@ie-freiburg.mpg.de", "first_name": "Dagmar", "telephone": "240"}, "model": "researcher.researcher", "pk": 41}, {"fields": {"organization": 3, "pi": 26, "last_name": "Dogan", "costunit": [1], "email": "dogan@ie-freiburg.mpg.de", "first_name": "Esen", "telephone": "489"}, "model": "researcher.researcher", "pk": 42}, {"fields": {"organization": 3, "pi": 28, "last_name": "Dolezal", "costunit": [26], "email": "dolezal@ie-freiburg.mpg.de", "first_name": "Elmar", "telephone": "433"}, "model": "researcher.researcher", "pk": 43}, {"fields": {"organization": 3, "pi": 26, "last_name": "Droescher", "costunit": [1], "email": "droescher@ie-freiburg.mpg.de", "first_name": "Mathias", "telephone": "576"}, "model": "researcher.researcher", "pk": 44}, {"fields": {"organization": 3, "pi": 20, "last_name": "Duda", "costunit": [14], "email": "duda@ie-freiburg.mpg.de", "first_name": "Katarzyna", "telephone": "481"}, "model": "researcher.researcher", "pk": 45}, {"fields": {"organization": 3, "pi": 21, "last_name": "Duehren_von_Minden", "costunit": [1], "email": "minden@ie-freiburg.mpg.de", "first_name": "Marcus", "telephone": "433"}, "model": "researcher.researcher", "pk": 46}, {"fields": {"organization": 3, "pi": 15, "last_name": "Duering", "costunit": [1], "email": "duering@ie-freiburg.mpg.de", "first_name": "Franziska", "telephone": "771"}, "model": "researcher.researcher", "pk": 47}, {"fields": {"organization": 3, "pi": 20, "last_name": "Engist", "costunit": [1], "email": "engist@ie-freiburg.mpg.de", "first_name": "Bettina", "telephone": "787"}, "model": "researcher.researcher", "pk": 48}, {"fields": {"organization": 3, "pi": 15, "last_name": "Falk", "costunit": [14], "email": "falk@ie-freiburg.mpg.de", "first_name": "Ingrid", "telephone": "718"}, "model": "researcher.researcher", "pk": 49}, {"fields": {"organization": 3, "pi": 17, "last_name": "Fatouros", "costunit": [1], "email": "fatouros@ie-freiburg.mpg.de", "first_name": "Polychronis", "telephone": "449"}, "model": "researcher.researcher", "pk": 50}, {"fields": {"organization": 3, "pi": 8, "last_name": "Fidler", "costunit": [1], "email": "fidler@ie-freiburg.mpg.de", "first_name": "Ingrid", "telephone": "229"}, "model": "researcher.researcher", "pk": 51}, {"fields": {"organization": 3, "pi": 8, "last_name": "Franz", "costunit": [1], "email": "franzt@ie-freiburg.mpg.de", "first_name": "Tanna", "telephone": "241"}, "model": "researcher.researcher", "pk": 52}, {"fields": {"organization": 3, "pi": 21, "last_name": "Funck", "costunit": [1], "email": "funck@ie-freiburg.mpg.de", "first_name": "Felix", "telephone": "431"}, "model": "researcher.researcher", "pk": 53}, {"fields": {"organization": 3, "pi": 20, "last_name": "Galan", "costunit": [1], "email": "galan@ie-freiburg.mpg.de", "first_name": "Carmen", "telephone": "783"}, "model": "researcher.researcher", "pk": 54}, {"fields": {"organization": 3, "pi": 8, "last_name": "Garbers", "costunit": [1], "email": "garbersb@ie-freiburg.mpg.de", "first_name": "Beate", "telephone": "241"}, "model": "researcher.researcher", "pk": 55}, {"fields": {"organization": 3, "pi": 3, "last_name": "Gaub", "costunit": [21], "email": "gaub@ie-freiburg.mpg.de", "first_name": "Aline", "telephone": "582"}, "model": "researcher.researcher", "pk": 56}, {"fields": {"organization": 3, "pi": 3, "last_name": "Georgiev", "costunit": [21], "email": "georgiev@ie-freiburg.mpg.de", "first_name": "Plamen", "telephone": "705"}, "model": "researcher.researcher", "pk": 57}, {"fields": {"organization": 3, "pi": 27, "last_name": "Gossens", "costunit": [28], "email": "gossens@ie-freiburg.mpg.de", "first_name": "Klaus", "telephone": "792"}, "model": "researcher.researcher", "pk": 58}, {"fields": {"organization": 4, "pi": 11, "last_name": "Greve", "costunit": [10], "email": "gabriele.greve@uniklinik-freiburg.de", "first_name": "Gabriela", "telephone": "0761-270 71980"}, "model": "researcher.researcher", "pk": 59}, {"fields": {"organization": 3, "pi": 15, "last_name": "Grosschedl", "costunit": [1], "email": "grosschedl@ie-freiburg.mpg.de", "first_name": "Rudolf", "telephone": "711"}, "model": "researcher.researcher", "pk": 60}, {"fields": {"organization": 3, "pi": 8, "last_name": "Guerri", "costunit": [1], "email": "guerri@ie-freiburg.mpg.de", "first_name": "Lucia", "telephone": "240"}, "model": "researcher.researcher", "pk": 61}, {"fields": {"organization": 3, "pi": 3, "last_name": "Gutierrez", "costunit": [21], "email": "gutierrez@ie-freiburg.mpg.de", "first_name": "Noel", "telephone": "704"}, "model": "researcher.researcher", "pk": 62}, {"fields": {"organization": 3, "pi": 22, "last_name": "Haas", "costunit": [1], "email": "haasi@ie-freiburg.mpg.de", "first_name": "Ingrid", "telephone": "475"}, "model": "researcher.researcher", "pk": 63}, {"fields": {"organization": 3, "pi": 8, "last_name": "Haas-Assenbaum", "costunit": [1], "email": "haas_assenba@ie-freiburg.mpg.de", "first_name": "Annette", "telephone": "260"}, "model": "researcher.researcher", "pk": 64}, {"fields": {"organization": 4, "pi": 2, "last_name": "Hacker", "costunit": [4], "email": "christine.hacker@anat.uni-freiburg.de", "first_name": "Christine", "telephone": "0761-203 5077"}, "model": "researcher.researcher", "pk": 65}, {"fields": {"organization": 3, "pi": 3, "last_name": "Hallacli", "costunit": [21], "email": "hallacli@ie-freiburg.mpg.de", "first_name": "Erinc", "telephone": "692"}, "model": "researcher.researcher", "pk": 66}, {"fields": {"organization": 3, "pi": 22, "last_name": "Hansen", "costunit": [1], "email": "hansen@ie-freiburg.mpg.de", "first_name": "Kaethe", "telephone": "477"}, "model": "researcher.researcher", "pk": 67}, {"fields": {"organization": 3, "pi": 8, "last_name": "Happe", "costunit": [1], "email": "happe@ie-freiburg.mpg.de", "first_name": "Christiane", "telephone": "317"}, "model": "researcher.researcher", "pk": 68}, {"fields": {"organization": 3, "pi": 15, "last_name": "Harter", "costunit": [1], "email": "", "first_name": "Caroline", "telephone": "770"}, "model": "researcher.researcher", "pk": 69}, {"fields": {"organization": 3, "pi": 8, "last_name": "Held", "costunit": [1], "email": "held@ie-freiburg.mpg.de", "first_name": "Monika", "telephone": "241"}, "model": "researcher.researcher", "pk": 70}, {"fields": {"organization": 3, "pi": 3, "last_name": "Herquel", "costunit": [21], "email": "herquel@ie-freiburg.mpg.de", "first_name": "Benjamin", "telephone": "583"}, "model": "researcher.researcher", "pk": 71}, {"fields": {"organization": 3, "pi": 27, "last_name": "Heyne", "costunit": [1], "email": "heyne@ie-freiburg.mpg.de", "first_name": "Steffen", "telephone": "255"}, "model": "researcher.researcher", "pk": 72}, {"fields": {"organization": 3, "pi": 8, "last_name": "Hirakawa", "costunit": [1], "email": "hirakawa@ie-freiburg.mpg.de", "first_name": "Mayumi", "telephone": "260"}, "model": "researcher.researcher", "pk": 73}, {"fields": {"organization": 3, "pi": 3, "last_name": "Hirth", "costunit": [21], "email": "hirth@ie-freiburg.mpg.de", "first_name": "Vanessa", "telephone": "695"}, "model": "researcher.researcher", "pk": 74}, {"fields": {"organization": 3, "pi": 28, "last_name": "Hobeika", "costunit": [26], "email": "hobeika@ie-freiburg.mpg.de", "first_name": "Elias", "telephone": "422"}, "model": "researcher.researcher", "pk": 75}, {"fields": {"organization": 3, "pi": 22, "last_name": "Hoffmeyer", "costunit": [29], "email": "hoffmeyer@ie-freiburg.mpg.de", "first_name": "Katrin", "telephone": "487"}, "model": "researcher.researcher", "pk": 76}, {"fields": {"organization": 3, "pi": 8, "last_name": "Holland", "costunit": [18], "email": "holland@ie-freiburg.mpg.de", "first_name": "Stephen", "telephone": "240"}, "model": "researcher.researcher", "pk": 77}, {"fields": {"organization": 3, "pi": 3, "last_name": "Holz", "costunit": [21], "email": "holz@ie-freiburg.mpg.de", "first_name": "Herbert", "telephone": "695"}, "model": "researcher.researcher", "pk": 78}, {"fields": {"organization": 3, "pi": 21, "last_name": "Hug", "costunit": [1], "email": "hug@ie-freiburg.mpg.de", "first_name": "Eva", "telephone": "431"}, "model": "researcher.researcher", "pk": 79}, {"fields": {"organization": 3, "pi": 30, "last_name": "Hummel", "costunit": [24], "email": "hummel@ie-freiburg.mpg.de", "first_name": "Barbara", "telephone": "699"}, "model": "researcher.researcher", "pk": 80}, {"fields": {"organization": 3, "pi": 28, "last_name": "Humpert", "costunit": [26], "email": "humpert@ie-freiburg.mpg.de", "first_name": "Luise", "telephone": "0761-20397225 "}, "model": "researcher.researcher", "pk": 81}, {"fields": {"organization": 3, "pi": 30, "last_name": "Hussong", "costunit": [1], "email": "hussong@ie-freiburg.mpg.de", "first_name": "Rebecca", "telephone": "618"}, "model": "researcher.researcher", "pk": 82}, {"fields": {"organization": 3, "pi": 3, "last_name": "Ilik", "costunit": [21], "email": "ilik@ie-freiburg.mpg.de", "first_name": "Ibrahim", "telephone": "692"}, "model": "researcher.researcher", "pk": 83}, {"fields": {"organization": 3, "pi": 8, "last_name": "Iwanami", "costunit": [18], "email": "iwanami@ie-freiburg.mpg.de", "first_name": "Norimasa", "telephone": "327"}, "model": "researcher.researcher", "pk": 84}, {"fields": {"organization": 3, "pi": 3, "last_name": "Iyer", "costunit": [21], "email": "Iyer@ie-freiburg.mpg.de", "first_name": "Shantanu", "telephone": "706"}, "model": "researcher.researcher", "pk": 85}, {"fields": {"organization": 3, "pi": 21, "last_name": "Iype", "costunit": [1], "email": "iype@ie-freiburg.mpg.de", "first_name": "Joseena", "telephone": "433"}, "model": "researcher.researcher", "pk": 86}, {"fields": {"organization": 3, "pi": 19, "last_name": "Izcue", "costunit": [19], "email": "izcue@ie-freiburg.mpg.de", "first_name": "Ana", "telephone": "325"}, "model": "researcher.researcher", "pk": 87}, {"fields": {"organization": 3, "pi": 28, "last_name": "Jaeger", "costunit": [26], "email": "officer@ie-freiburg.mpg.de", "first_name": "Birgit", "telephone": "420"}, "model": "researcher.researcher", "pk": 88}, {"fields": {"organization": 3, "pi": 27, "last_name": "Jayaramaiah_Raja", "costunit": [28], "email": "raja@ie-freiburg.mpg.de", "first_name": "Sunil", "telephone": "793"}, "model": "researcher.researcher", "pk": 89}, {"fields": {"organization": 3, "pi": 20, "last_name": "Jenuwein", "costunit": [1], "email": "jenuwein@ie-freiburg.mpg.de", "first_name": "Thomas", "telephone": "785"}, "model": "researcher.researcher", "pk": 90}, {"fields": {"organization": 3, "pi": 8, "last_name": "Julier", "costunit": [1], "email": "", "first_name": "Patricia", "telephone": "748"}, "model": "researcher.researcher", "pk": 91}, {"fields": {"organization": 3, "pi": 21, "last_name": "Jumaa", "costunit": [1], "email": "jumaa@ie-freiburg.mpg.de", "first_name": "Hassan", "telephone": "437"}, "model": "researcher.researcher", "pk": 92}, {"fields": {"organization": 3, "pi": 28, "last_name": "Kalmbach-Zuern", "costunit": [26], "email": "zuern@ie-freiburg.mpg.de", "first_name": "Christa", "telephone": "433"}, "model": "researcher.researcher", "pk": 93}, {"fields": {"organization": 3, "pi": 3, "last_name": "Kaemmerer", "costunit": [21], "email": "kaemmerer@ie-freiburg.mpg.de", "first_name": "Christian", "telephone": "693"}, "model": "researcher.researcher", "pk": 94}, {"fields": {"organization": 3, "pi": 15, "last_name": "Kaneva", "costunit": [1], "email": "kaneva@ie-freiburg.mpg.de", "first_name": "Iliyana", "telephone": "725"}, "model": "researcher.researcher", "pk": 95}, {"fields": {"organization": 3, "pi": 15, "last_name": "Kapoor", "costunit": [1], "email": "kapoor@ie-freiburg.mpg.de", "first_name": "Tanya", "telephone": "752"}, "model": "researcher.researcher", "pk": 96}, {"fields": {"organization": 3, "pi": 3, "last_name": "Karoutas", "costunit": [21], "email": "karoutas@ie-freiburg.mpg.de", "first_name": "Adam", "telephone": "696"}, "model": "researcher.researcher", "pk": 97}, {"fields": {"organization": 3, "pi": 3, "last_name": "Karpiuk", "costunit": [21], "email": "karpiuk@ie-freiburg.mpg.de", "first_name": "Oleksandra", "telephone": "696"}, "model": "researcher.researcher", "pk": 98}, {"fields": {"organization": 3, "pi": 28, "last_name": "Keim", "costunit": [26], "email": "keim@ie-freiburg.mpg.de", "first_name": "Sarah", "telephone": "425"}, "model": "researcher.researcher", "pk": 99}, {"fields": {"organization": 3, "pi": 3, "last_name": "Keller", "costunit": [21], "email": "keller@ie-freiburg.mpg.de", "first_name": "Claudia", "telephone": "582"}, "model": "researcher.researcher", "pk": 100}, {"fields": {"organization": 3, "pi": 22, "last_name": "Kemler", "costunit": [1], "email": "kemler@ie-freiburg.mpg.de", "first_name": "Rolf", "telephone": "471"}, "model": "researcher.researcher", "pk": 101}, {"fields": {"organization": 3, "pi": 3, "last_name": "Khanam-Raabe", "costunit": [21], "email": "khanam@ie-freiburg.mpg.de", "first_name": "Tasneem", "telephone": "704"}, "model": "researcher.researcher", "pk": 102}, {"fields": {"organization": 3, "pi": 8, "last_name": "Kijima", "costunit": [1], "email": "kijima@ie-freiburg.mpg.de", "first_name": "Mika", "telephone": "260"}, "model": "researcher.researcher", "pk": 103}, {"fields": {"organization": 3, "pi": 8, "last_name": "Kirk", "costunit": [1], "email": "kirk@ie-freiburg.mpg.de", "first_name": "Helen", "telephone": "329"}, "model": "researcher.researcher", "pk": 104}, {"fields": {"organization": 3, "pi": 28, "last_name": "Klaesener", "costunit": [26], "email": "klaesener@ie-freiburg.mpg.de", "first_name": "Kathrin", "telephone": "433"}, "model": "researcher.researcher", "pk": 105}, {"fields": {"organization": 3, "pi": 14, "last_name": "Kofoed-Nielsen", "costunit": [13], "email": "kofoed@ie-freiburg.mpg.de", "first_name": "Michael", "telephone": "+49-(0)761-203 6522"}, "model": "researcher.researcher", "pk": 106}, {"fields": {"organization": 3, "pi": 26, "last_name": "Koidl", "costunit": [1], "email": "koidl@ie-freiburg.mpg.de", "first_name": "Stefanie", "telephone": "577"}, "model": "researcher.researcher", "pk": 107}, {"fields": {"organization": 3, "pi": 8, "last_name": "Kolhe", "costunit": [1], "email": "kolhe@ie-freiburg.mpg.de", "first_name": "Janhavi", "telephone": "240"}, "model": "researcher.researcher", "pk": 108}, {"fields": {"organization": 3, "pi": 15, "last_name": "Kometani", "costunit": [1], "email": "", "first_name": "Kohei", "telephone": "770"}, "model": "researcher.researcher", "pk": 109}, {"fields": {"organization": 3, "pi": 28, "last_name": "Kori", "costunit": [26], "email": "", "first_name": "Yekaterina", "telephone": "433"}, "model": "researcher.researcher", "pk": 110}, {"fields": {"organization": 3, "pi": 15, "last_name": "Korniychuk", "costunit": [1], "email": "korniychuk@ie-freiburg.mpg.de", "first_name": "Ganna", "telephone": "771"}, "model": "researcher.researcher", "pk": 111}, {"fields": {"organization": 3, "pi": 20, "last_name": "Koschorz", "costunit": [1], "email": "koschorz@ie-freiburg.mpg.de", "first_name": "Birgit", "telephone": "791"}, "model": "researcher.researcher", "pk": 112}, {"fields": {"organization": 3, "pi": 27, "last_name": "Kramps", "costunit": [1], "email": "kramps@ie-freiburg.mpg.de", "first_name": "Laura", "telephone": "792"}, "model": "researcher.researcher", "pk": 113}, {"fields": {"organization": 3, "pi": 8, "last_name": "Krauth", "costunit": [1], "email": "krauth@ie-freiburg.mpg.de", "first_name": "Brigitte", "telephone": "318"}, "model": "researcher.researcher", "pk": 114}, {"fields": {"organization": 3, "pi": 20, "last_name": "Lachner", "costunit": [1], "email": "lachner@ie-freiburg.mpg.de", "first_name": "Monika", "telephone": "786"}, "model": "researcher.researcher", "pk": 115}, {"fields": {"organization": 3, "pi": 3, "last_name": "Lam", "costunit": [21], "email": "lam@ie-freiburg.mpg.de", "first_name": "Ken", "telephone": "694"}, "model": "researcher.researcher", "pk": 116}, {"fields": {"organization": 3, "pi": 22, "last_name": "Lausch", "costunit": [1], "email": "lausch@ie-freiburg.mpg.de", "first_name": "Ute", "telephone": "487"}, "model": "researcher.researcher", "pk": 117}, {"fields": {"organization": 3, "pi": 8, "last_name": "Lawir", "costunit": [1], "email": "lawir@ie-freiburg.mpg.de", "first_name": "Divine", "telephone": "240"}, "model": "researcher.researcher", "pk": 118}, {"fields": {"organization": 3, "pi": 27, "last_name": "Lempradl", "costunit": [1], "email": "lempradl@ie-freiburg.mpg.de", "first_name": "Adelheid", "telephone": "757"}, "model": "researcher.researcher", "pk": 119}, {"fields": {"organization": 3, "pi": 28, "last_name": "Levit_Zerdoun", "costunit": [26], "email": "levit@ie-freiburg.mpg.de", "first_name": "Ella", "telephone": "314"}, "model": "researcher.researcher", "pk": 120}, {"fields": {"organization": 3, "pi": 15, "last_name": "Li", "costunit": [16], "email": "lir@ie-freiburg.mpg.de", "first_name": "Rui", "telephone": "755"}, "model": "researcher.researcher", "pk": 121}, {"fields": {"organization": 3, "pi": 24, "last_name": "Lindner", "costunit": [1], "email": "lindner@ie-freiburg.mpg.de", "first_name": "John", "telephone": "311"}, "model": "researcher.researcher", "pk": 122}, {"fields": {"organization": 3, "pi": 3, "last_name": "Lingg", "costunit": [21], "email": "lingg@ie-freiburg.mpg.de", "first_name": "Thomas", "telephone": "568"}, "model": "researcher.researcher", "pk": 123}, {"fields": {"organization": 3, "pi": 27, "last_name": "Longinotto", "costunit": [1], "email": "longinotto@ie-freiburg.mpg.de", "first_name": "John", "telephone": "793"}, "model": "researcher.researcher", "pk": 124}, {"fields": {"organization": 3, "pi": 27, "last_name": "Lu", "costunit": [3], "email": "lu@ie-freiburg.mpg.de", "first_name": "Tsai-Hsiu", "telephone": "792"}, "model": "researcher.researcher", "pk": 125}, {"fields": {"organization": 3, "pi": 19, "last_name": "Lupar", "costunit": [19], "email": "lupar@ie-freiburg.mpg.de", "first_name": "Ekaterina", "telephone": "493"}, "model": "researcher.researcher", "pk": 126}, {"fields": {"organization": 3, "pi": 28, "last_name": "Maity", "costunit": [26], "email": "maity@ie-freiburg.mpg.de", "first_name": "Palash", "telephone": "425"}, "model": "researcher.researcher", "pk": 127}, {"fields": {"organization": 3, "pi": 20, "last_name": "Mare", "costunit": [1], "email": "mare@ie-freiburg.mpg.de", "first_name": "Marcela", "telephone": "574"}, "model": "researcher.researcher", "pk": 128}, {"fields": {"organization": 3, "pi": 31, "last_name": "Martagon_Calderon", "costunit": [17], "email": "martagon@ie-freiburg.mpg.de", "first_name": "Natalia ", "telephone": "721"}, "model": "researcher.researcher", "pk": 129}, {"fields": {"organization": 3, "pi": 8, "last_name": "Mateos", "costunit": [1], "email": "mateos@ie-freiburg.mpg.de", "first_name": "Fernando", "telephone": "240"}, "model": "researcher.researcher", "pk": 130}, {"fields": {"organization": 3, "pi": 28, "last_name": "Mitterer", "costunit": [26], "email": "mitterer@ie-freiburg.mpg.de", "first_name": "Michael", "telephone": "424"}, "model": "researcher.researcher", "pk": 131}, {"fields": {"organization": 4, "pi": 12, "last_name": "Mock", "costunit": [11], "email": "kerstin.mock@uniklinik-freiburg.de", "first_name": "Kerstin", "telephone": "+49-(0)761-270-27430"}, "model": "researcher.researcher", "pk": 132}, {"fields": {"organization": 3, "pi": 17, "last_name": "Moreira", "costunit": [1], "email": "moreira@ie-freiburg.mpg.de", "first_name": "Madalena", "telephone": "440"}, "model": "researcher.researcher", "pk": 133}, {"fields": {"organization": 3, "pi": 24, "last_name": "Morgen", "costunit": [1], "email": "", "first_name": "Anna-Maria", "telephone": "439"}, "model": "researcher.researcher", "pk": 134}, {"fields": {"organization": 3, "pi": 15, "last_name": "Muellerke", "costunit": [1], "email": "muellerke@ie-freiburg.mpg.de", "first_name": "Stefanie", "telephone": "770"}, "model": "researcher.researcher", "pk": 135}, {"fields": {"organization": 3, "pi": 15, "last_name": "Nechanitzky", "costunit": [1], "email": "nechanitzky@ie-freiburg.mpg.de", "first_name": "Robert", "telephone": "730"}, "model": "researcher.researcher", "pk": 136}, {"fields": {"organization": 3, "pi": 3, "last_name": "Nguyen", "costunit": [21], "email": "nguyen@ie-freiburg.mpg.de", "first_name": "Nhuong", "telephone": "583"}, "model": "researcher.researcher", "pk": 137}, {"fields": {"organization": 3, "pi": 24, "last_name": "Nielsen", "costunit": [1], "email": "nielsen@ie-freiburg.mpg.de", "first_name": "Peter", "telephone": "319"}, "model": "researcher.researcher", "pk": 138}, {"fields": {"organization": 3, "pi": 8, "last_name": "Nusser", "costunit": [18], "email": "nusser@ie-freiburg.mpg.de", "first_name": "Anja", "telephone": "315"}, "model": "researcher.researcher", "pk": 139}, {"fields": {"organization": 3, "pi": 20, "last_name": "Onishi-Seebacher", "costunit": [1], "email": "onishi@ie-freiburg.mpg.de", "first_name": "Megumi", "telephone": "699"}, "model": "researcher.researcher", "pk": 140}, {"fields": {"organization": 3, "pi": 27, "last_name": "Oest", "costunit": [1], "email": "oest@ie-freiburg.mpg.de", "first_name": "Anita", "telephone": "793"}, "model": "researcher.researcher", "pk": 141}, {"fields": {"organization": 3, "pi": 28, "last_name": "Osthof", "costunit": [26], "email": "", "first_name": "Kerstin", "telephone": "424"}, "model": "researcher.researcher", "pk": 142}, {"fields": {"organization": 3, "pi": 3, "last_name": "Panhale", "costunit": [21], "email": "panhale@ie-freiburg.mpg.de", "first_name": "Amol", "telephone": "691"}, "model": "researcher.researcher", "pk": 143}, {"fields": {"organization": 3, "pi": 20, "last_name": "Perrera", "costunit": [1], "email": "perrera@ie-freiburg.mpg.de", "first_name": "Valentina", "telephone": "779"}, "model": "researcher.researcher", "pk": 144}, {"fields": {"organization": 3, "pi": 15, "last_name": "Phongbunchoo", "costunit": [1], "email": "phongbunchoo@ie-freiburg.mpg.de", "first_name": "Yutthaphong", "telephone": "729"}, "model": "researcher.researcher", "pk": 145}, {"fields": {"organization": 3, "pi": 26, "last_name": "Pichler", "costunit": [1], "email": "pichler@ie-freiburg.mpg.de", "first_name": "Andrea", "telephone": "777"}, "model": "researcher.researcher", "pk": 146}, {"fields": {"organization": 3, "pi": 20, "last_name": "Pinheiro", "costunit": [1], "email": "pinheiro@ie-freiburg.mpg.de", "first_name": "Ines", "telephone": "781"}, "model": "researcher.researcher", "pk": 147}, {"fields": {"organization": 3, "pi": 31, "last_name": "Piragyte", "costunit": [17], "email": "piragyte@ie-freiburg.mpg.de", "first_name": "Indre", "telephone": "721"}, "model": "researcher.researcher", "pk": 148}, {"fields": {"organization": 3, "pi": 26, "last_name": "Platania", "costunit": [1], "email": "platania@ie-freiburg.mpg.de", "first_name": "Leonardo", "telephone": "576"}, "model": "researcher.researcher", "pk": 149}, {"fields": {"organization": 3, "pi": 28, "last_name": "Pohlmeyer", "costunit": [26], "email": "pohlmeyer@ie-freiburg.mpg.de", "first_name": "Roland", "telephone": "422"}, "model": "researcher.researcher", "pk": 150}, {"fields": {"organization": 3, "pi": 27, "last_name": "Pospisilik", "costunit": [33], "email": "pospisilik@ie-freiburg.mpg.de", "first_name": "John Andrew", "telephone": "757"}, "model": "researcher.researcher", "pk": 151}, {"fields": {"organization": 4, "pi": 6, "last_name": "Prei\u00dfl", "costunit": [7], "email": "Sebastian.Preissl@pharmakol.uni-freiburg.de", "first_name": "Sebastian", "telephone": "0761-203 5303"}, "model": "researcher.researcher", "pk": 152}, {"fields": {"organization": 3, "pi": 22, "last_name": "Rago", "costunit": [1], "email": "rago@ie-freiburg.mpg.de", "first_name": "Luciano", "telephone": "473"}, "model": "researcher.researcher", "pk": 153}, {"fields": {"organization": 3, "pi": 28, "last_name": "Rajasundaram", "costunit": [26], "email": "rajasundaram@ie-freiburg.mpg.de", "first_name": "Nisha", "telephone": "425"}, "model": "researcher.researcher", "pk": 154}, {"fields": {"organization": 3, "pi": 15, "last_name": "Ramamoorthy", "costunit": [1], "email": "senthilkumar@ie-freiburg.mpg.de", "first_name": "Senthilkumar", "telephone": "731"}, "model": "researcher.researcher", "pk": 155}, {"fields": {"organization": 3, "pi": 29, "last_name": "Ramos-Pittol", "costunit": [1], "email": "ramos_pittol@ie-freiburg.mpg.de", "first_name": "Jose ", "telephone": "716"}, "model": "researcher.researcher", "pk": 156}, {"fields": {"organization": 3, "pi": 19, "last_name": "Rauf", "costunit": [1], "email": "rauf@ie-freiburg.mpg.de", "first_name": "Philipp", "telephone": "493"}, "model": "researcher.researcher", "pk": 157}, {"fields": {"organization": 3, "pi": 28, "last_name": "Reipschlaeger", "costunit": [26], "email": "reipschlaeger@ie-freiburg.mpg.de", "first_name": "Simone", "telephone": "424"}, "model": "researcher.researcher", "pk": 158}, {"fields": {"organization": 3, "pi": 28, "last_name": "Reth", "costunit": [26], "email": "reth@ie-freiburg.mpg.de", "first_name": "Michael", "telephone": "421"}, "model": "researcher.researcher", "pk": 159}, {"fields": {"organization": 3, "pi": 26, "last_name": "Rettich", "costunit": [1], "email": "rettich@ie-freiburg.mpg.de", "first_name": "Jan", "telephone": "577"}, "model": "researcher.researcher", "pk": 160}, {"fields": {"organization": 3, "pi": 14, "last_name": "Rogell", "costunit": [13], "email": "rogell@ie-freiburg.mpg.de", "first_name": "Leif", "telephone": "06131 17 9336"}, "model": "researcher.researcher", "pk": 161}, {"fields": {"organization": 4, "pi": 2, "last_name": "Roidl", "costunit": [4], "email": "deborah.roidl@anat.uni-freiburg.de", "first_name": "Deborah", "telephone": "0761- 203 6464"}, "model": "researcher.researcher", "pk": 162}, {"fields": {"organization": 4, "pi": 6, "last_name": "Rommel", "costunit": [7], "email": "carolin.rommel@pharmakol.uni-freiburg.de", "first_name": "Caroline", "telephone": "0761-203 5303"}, "model": "researcher.researcher", "pk": 163}, {"fields": {"organization": 3, "pi": 8, "last_name": "Roesch", "costunit": [1], "email": "", "first_name": "Lea", "telephone": "229"}, "model": "researcher.researcher", "pk": 164}, {"fields": {"organization": 3, "pi": 15, "last_name": "Rosenbaum", "costunit": [1], "email": "rosenbaum@ie-freiburg.mpg.de", "first_name": "Marc", "telephone": "753"}, "model": "researcher.researcher", "pk": 165}, {"fields": {"organization": 3, "pi": 15, "last_name": "Rott", "costunit": [1], "email": "rott@ie-freiburg.mpg.de", "first_name": "Marika", "telephone": "711"}, "model": "researcher.researcher", "pk": 166}, {"fields": {"organization": 3, "pi": 27, "last_name": "Ruf", "costunit": [15], "email": "ruf@ie-freiburg.mpg.de", "first_name": "Marius", "telephone": "792"}, "model": "researcher.researcher", "pk": 167}, {"fields": {"organization": 3, "pi": 27, "last_name": "Sabev", "costunit": [1], "email": "sabev@ie-freiburg.mpg.de", "first_name": "Martin", "telephone": "793"}, "model": "researcher.researcher", "pk": 168}, {"fields": {"organization": 3, "pi": 29, "last_name": "Saccani", "costunit": [1], "email": "saccani@ie-freiburg.mpg.de", "first_name": "Simona", "telephone": "716"}, "model": "researcher.researcher", "pk": 169}, {"fields": {"organization": 3, "pi": 21, "last_name": "Sainz_Rueda", "costunit": [1], "email": "sainzrueda@ie-freiburg.mpg.de", "first_name": "Concepcion", "telephone": "431"}, "model": "researcher.researcher", "pk": 170}, {"fields": {"organization": 3, "pi": 30, "last_name": "Sawarkar", "costunit": [24], "email": "sawarkar@ie-freiburg.mpg.de", "first_name": "Ritwick", "telephone": "378"}, "model": "researcher.researcher", "pk": 171}, {"fields": {"organization": 3, "pi": 20, "last_name": "Sawitzki", "costunit": [14], "email": "sawitzki@ie-freiburg.mpg.de", "first_name": "Zoe", "telephone": "782"}, "model": "researcher.researcher", "pk": 172}, {"fields": {"organization": 3, "pi": 3, "last_name": "Schmidl", "costunit": [21], "email": "schmidl@ie-freiburg.mpg.de", "first_name": "Linda", "telephone": "564"}, "model": "researcher.researcher", "pk": 173}, {"fields": {"organization": 3, "pi": 21, "last_name": "Schneider", "costunit": [1], "email": "schneiderd@ie-freiburg.mpg.de", "first_name": "Dunja", "telephone": "431"}, "model": "researcher.researcher", "pk": 174}, {"fields": {"organization": 3, "pi": 22, "last_name": "Schneider", "costunit": [1], "email": "schneider@ie-freiburg.mpg.de", "first_name": "Rosemary", "telephone": "470"}, "model": "researcher.researcher", "pk": 175}, {"fields": {"organization": 3, "pi": 8, "last_name": "Schorpp", "costunit": [20], "email": "schorpp@ie-freiburg.mpg.de", "first_name": "Michael", "telephone": "780"}, "model": "researcher.researcher", "pk": 176}, {"fields": {"organization": 3, "pi": 27, "last_name": "Selvaraj", "costunit": [1], "email": "selvaraj@ie-freiburg.mpg.de", "first_name": "Madhan", "telephone": "793"}, "model": "researcher.researcher", "pk": 177}, {"fields": {"organization": 3, "pi": 3, "last_name": "Semplicio", "costunit": [21], "email": "semplicio@ie-freiburg.mpg.de", "first_name": "Giuseppe", "telephone": "692"}, "model": "researcher.researcher", "pk": 178}, {"fields": {"organization": 3, "pi": 20, "last_name": "Shukeir", "costunit": [1], "email": "shukeir@ie-freiburg.mpg.de", "first_name": "Nicholas", "telephone": "782"}, "model": "researcher.researcher", "pk": 179}, {"fields": {"organization": 3, "pi": 3, "last_name": "Shvedunova", "costunit": [21], "email": "shvedunova@ie-freiburg.mpg.de", "first_name": "Maria", "telephone": "707"}, "model": "researcher.researcher", "pk": 180}, {"fields": {"organization": 3, "pi": 8, "last_name": "Simons", "costunit": [1], "email": "simons@ie-freiburg.mpg.de", "first_name": "Laura", "telephone": "325"}, "model": "researcher.researcher", "pk": 181}, {"fields": {"organization": 3, "pi": 8, "last_name": "Sommer", "costunit": [1], "email": "sommer@ie-freiburg.mpg.de", "first_name": "Nadine", "telephone": "240"}, "model": "researcher.researcher", "pk": 182}, {"fields": {"organization": 3, "pi": 28, "last_name": "Staniek", "costunit": [26], "email": "", "first_name": "Julian", "telephone": "422"}, "model": "researcher.researcher", "pk": 183}, {"fields": {"organization": 4, "pi": 9, "last_name": "Staszewski", "costunit": [8], "email": "ori.staszewski@uniklinik-freiburg.de", "first_name": "Ori", "telephone": "0761-270-51090"}, "model": "researcher.researcher", "pk": 184}, {"fields": {"organization": 3, "pi": 3, "last_name": "Stehle", "costunit": [21], "email": "stehle@ie-freiburg.mpg.de", "first_name": "Thomas", "telephone": "514"}, "model": "researcher.researcher", "pk": 185}, {"fields": {"organization": 3, "pi": 22, "last_name": "Stemmler", "costunit": [1], "email": "stemmler@ie-freiburg.mpg.de", "first_name": "Marc", "telephone": "477"}, "model": "researcher.researcher", "pk": 186}, {"fields": {"organization": 3, "pi": 8, "last_name": "Strohmeier", "costunit": [1], "email": "strohmeier@ie-freiburg.mpg.de", "first_name": "Christine", "telephone": "317"}, "model": "researcher.researcher", "pk": 187}, {"fields": {"organization": 3, "pi": 21, "last_name": "Surova", "costunit": [1], "email": "surova@ie-freiburg.mpg.de", "first_name": "Elena", "telephone": "436"}, "model": "researcher.researcher", "pk": 188}, {"fields": {"organization": 3, "pi": 8, "last_name": "Swann", "costunit": [1], "email": "swann@ie-freiburg.mpg.de", "first_name": "Jeremy", "telephone": "317"}, "model": "researcher.researcher", "pk": 189}, {"fields": {"organization": 3, "pi": 20, "last_name": "Swist", "costunit": [1], "email": "swist@ie-freiburg.mpg.de", "first_name": "Kalina", "telephone": "783"}, "model": "researcher.researcher", "pk": 190}, {"fields": {"organization": 3, "pi": 26, "last_name": "Talloji", "costunit": [1], "email": "talloji@ie-freiburg.mpg.de", "first_name": "Prabhavathi", "telephone": "577"}, "model": "researcher.researcher", "pk": 191}, {"fields": {"organization": 3, "pi": 27, "last_name": "Teperino", "costunit": [1], "email": "teperino@ie-freiburg.mpg.de", "first_name": "Raffaele", "telephone": "793"}, "model": "researcher.researcher", "pk": 192}, {"fields": {"organization": 3, "pi": 20, "last_name": "Termanis", "costunit": [1], "email": "termanis@ie-freiburg.mpg.de", "first_name": "Ausma", "telephone": "781"}, "model": "researcher.researcher", "pk": 193}, {"fields": {"organization": 3, "pi": 26, "last_name": "Tibbles", "costunit": [1], "email": "tibbles@ie-freiburg.mpg.de", "first_name": "Katherine", "telephone": "577"}, "model": "researcher.researcher", "pk": 194}, {"fields": {"organization": 3, "pi": 30, "last_name": "Tomar", "costunit": [24], "email": "tomar@ie-freiburg.mpg.de", "first_name": "Parul", "telephone": "618"}, "model": "researcher.researcher", "pk": 195}, {"fields": {"organization": 3, "pi": 3, "last_name": "Toscano", "costunit": [21], "email": "toscano@ie-freiburg.mpg.de", "first_name": "Sarah", "telephone": "693"}, "model": "researcher.researcher", "pk": 196}, {"fields": {"organization": 3, "pi": 31, "last_name": "Trompouki", "costunit": [17], "email": "trompouki@ie-freiburg.mpg.de", "first_name": "Eirini", "telephone": "550"}, "model": "researcher.researcher", "pk": 197}, {"fields": {"organization": 3, "pi": 3, "last_name": "Turley", "costunit": [21], "email": "turley@ie-freiburg.mpg.de", "first_name": "Matthew", "telephone": "706"}, "model": "researcher.researcher", "pk": 198}, {"fields": {"organization": 3, "pi": 21, "last_name": "Uebelhart", "costunit": [1], "email": "uebelhart@ie-freiburg.mpg.de", "first_name": "Rudolf", "telephone": "425"}, "model": "researcher.researcher", "pk": 199}, {"fields": {"organization": 3, "pi": 29, "last_name": "Van_Essen", "costunit": [1], "email": "essen@ie-freiburg.mpg.de", "first_name": "Dominic", "telephone": "716"}, "model": "researcher.researcher", "pk": 200}, {"fields": {"organization": 3, "pi": 15, "last_name": "Van_Keimpema", "costunit": [1], "email": "vankeimpema@ie-freiburg.mpg.de", "first_name": "Martine", "telephone": "770"}, "model": "researcher.researcher", "pk": 201}, {"fields": {"organization": 3, "pi": 20, "last_name": "Velazquez", "costunit": [1], "email": "velazquez@ie-freiburg.mpg.de", "first_name": "Oscar", "telephone": "782"}, "model": "researcher.researcher", "pk": 202}, {"fields": {"organization": 3, "pi": 27, "last_name": "Villegas", "costunit": [1], "email": "villegas@ie-freiburg.mpg.de", "first_name": "Florian", "telephone": "792"}, "model": "researcher.researcher", "pk": 203}, {"fields": {"organization": 3, "pi": 28, "last_name": "Volkmann", "costunit": [26], "email": "volkmann@ie-freiburg.mpg.de", "first_name": "Christoph", "telephone": "427"}, "model": "researcher.researcher", "pk": 204}, {"fields": {"organization": 3, "pi": 27, "last_name": "Wagner", "costunit": [1], "email": "", "first_name": "Gabriel", "telephone": "792"}, "model": "researcher.researcher", "pk": 205}, {"fields": {"organization": 3, "pi": 21, "last_name": "Werner", "costunit": [1], "email": "werner@ie-freiburg.mpg.de", "first_name": "Markus", "telephone": "433"}, "model": "researcher.researcher", "pk": 206}, {"fields": {"organization": 3, "pi": 28, "last_name": "Wilhelm", "costunit": [26], "email": "", "first_name": "Isabel", "telephone": "422"}, "model": "researcher.researcher", "pk": 207}, {"fields": {"organization": 3, "pi": 22, "last_name": "Winter", "costunit": [1], "email": "winter@ie-freiburg.mpg.de", "first_name": "Jennifer", "telephone": "451"}, "model": "researcher.researcher", "pk": 208}, {"fields": {"organization": 3, "pi": 26, "last_name": "Wollenweber", "costunit": [1], "email": "wollenweber@ie-freiburg.mpg.de", "first_name": "Tassilo", "telephone": "577"}, "model": "researcher.researcher", "pk": 209}, {"fields": {"organization": 3, "pi": 15, "last_name": "Yang", "costunit": [16], "email": "yangc@ie-freiburg.mpg.de", "first_name": "Cheng-Yuan", "telephone": "755"}, "model": "researcher.researcher", "pk": 210}, {"fields": {"organization": 3, "pi": 28, "last_name": "Yang", "costunit": [27], "email": "yang@ie-freiburg.mpg.de", "first_name": "Jianying", "telephone": "427"}, "model": "researcher.researcher", "pk": 211}, {"fields": {"organization": 3, "pi": 31, "last_name": "Yin", "costunit": [17], "email": "yin@ie-freiburg.mpg.de", "first_name": "Na", "telephone": "716"}, "model": "researcher.researcher", "pk": 212}, {"fields": {"organization": 3, "pi": 30, "last_name": "Yoveva", "costunit": [1], "email": "yoveva@ie-freiburg.mpg.de", "first_name": "Aneliya", "telephone": "618"}, "model": "researcher.researcher", "pk": 213}, {"fields": {"organization": 3, "pi": 30, "last_name": "Zamattia", "costunit": [1], "email": "zamattia@ie-freiburg.mpg.de", "first_name": "Enrico", "telephone": "618"}, "model": "researcher.researcher", "pk": 214}, {"fields": {"organization": 4, "pi": 4, "last_name": "Tosic", "costunit": [5], "email": "tosic.milica@uniklinik-freiburg.de", "first_name": "Milica", "telephone": ""}, "model": "researcher.researcher", "pk": 215}, {"fields": {"organization": 4, "pi": 6, "last_name": "Gilsbach", "costunit": [7], "email": " Ralf.Gilsbach@pharmakol.uni-freiburg.de", "first_name": "Ralf", "telephone": "0761-203-5323"}, "model": "researcher.researcher", "pk": 216}, {"fields": {"organization": 4, "pi": 5, "last_name": "Koellerer", "costunit": [6], "email": "christoph.koellerer@uniklinik-freiburg.de", "first_name": "Christoph", "telephone": "0761-270-63370"}, "model": "researcher.researcher", "pk": 217}, {"fields": {"organization": 3, "pi": 3, "last_name": "Sheikh", "costunit": [21], "email": "sheikh@ie-freiburg.mpg.de", "first_name": "Bilal", "telephone": "693"}, "model": "researcher.researcher", "pk": 218}, {"fields": {"organization": 3, "pi": 18, "last_name": "Iovino", "costunit": [22], "email": "iovino@ie-freiburg.mpg.de", "first_name": "Nicola", "telephone": "779"}, "model": "researcher.researcher", "pk": 219}, {"fields": {"organization": 4, "pi": 11, "last_name": "Gregor", "costunit": [10], "email": "gregor.klaus@unilklinik-freiburg.de", "first_name": "Klaus", "telephone": "076127071960"}, "model": "researcher.researcher", "pk": 220}, {"fields": {"organization": 4, "pi": 4, "last_name": "Greschik", "costunit": [5], "email": "holger.greschik@uniklinik-freiburg.de", "first_name": "Holger", "telephone": " 0761 270 61070"}, "model": "researcher.researcher", "pk": 221}, {"fields": {"organization": 3, "pi": 3, "last_name": "Hmadi", "costunit": [21], "email": "hmadi@ie-freiburg.mpg.de", "first_name": "Raed", "telephone": "695"}, "model": "researcher.researcher", "pk": 222}, {"fields": {"organization": 4, "pi": 2, "last_name": "Bovio", "costunit": [4], "email": "patrick.bovio@anat.uni-freiburg.de", "first_name": "Patrick", "telephone": "07612036464"}, "model": "researcher.researcher", "pk": 223}, {"fields": {"organization": 4, "pi": 4, "last_name": "Guenther", "costunit": [5], "email": "thomas.guenther@uniklinik-freiburg.de", "first_name": "Thomas", "telephone": "0761 270 61070"}, "model": "researcher.researcher", "pk": 224}, {"fields": {"organization": 4, "pi": 32, "last_name": "Thriene", "costunit": [37], "email": "kerstin.thriene@uniklinik-freiburg.de", "first_name": "Kerstin ", "telephone": "076120397207"}, "model": "researcher.researcher", "pk": 225}, {"fields": {"organization": 4, "pi": 9, "last_name": "Spiess", "costunit": [8], "email": "alena.spiess@uniklinik-freiburg.de", "first_name": "Alena", "telephone": "0761 270 51100"}, "model": "researcher.researcher", "pk": 226}, {"fields": {"organization": 4, "pi": 5, "last_name": "Wang", "costunit": [6], "email": "wei.wang@uniklinik-freiburg.de", "first_name": "Wei", "telephone": "0761-270-63370"}, "model": "researcher.researcher", "pk": 227}, {"fields": {"organization": 4, "pi": 4, "last_name": "Urban", "costunit": [5], "email": "sylvia.urban@uniklinik-freiburg.de", "first_name": "Sylvia", "telephone": ""}, "model": "researcher.researcher", "pk": 228}, {"fields": {"organization": 4, "pi": 4, "last_name": "Castex", "costunit": [5], "email": "josefina.castex@uniklinik-freiburg.de", "first_name": "Josefina", "telephone": ""}, "model": "researcher.researcher", "pk": 229}, {"fields": {"organization": 3, "pi": 28, "last_name": "He", "costunit": [26], "email": "he@ie-freiburg.mpg.de", "first_name": "Xiaocui", "telephone": "433"}, "model": "researcher.researcher", "pk": 230}, {"fields": {"organization": 3, "pi": 16, "last_name": "Sagar", "costunit": [23], "email": "sagar@ie-freiburg.mpg.de", "first_name": "Sagar", "telephone": "725"}, "model": "researcher.researcher", "pk": 231}, {"fields": {"organization": 3, "pi": 16, "last_name": "Herman", "costunit": [23], "email": "herman@ie-freiburg.mpg.de", "first_name": "Josip", "telephone": "725"}, "model": "researcher.researcher", "pk": 232}, {"fields": {"organization": 4, "pi": 7, "last_name": "Boenisch", "costunit": [2], "email": "andi@boenisch-online.de", "first_name": "Andreas", "telephone": "0761-7669144"}, "model": "researcher.researcher", "pk": 233}, {"fields": {"organization": 3, "pi": 18, "last_name": "Ibarra", "costunit": [22], "email": "ibarra@ie-freiburg.mpg.de", "first_name": "Andrea", "telephone": "734"}, "model": "researcher.researcher", "pk": 234}, {"fields": {"organization": 3, "pi": 25, "last_name": "Sanin", "costunit": [25], "email": "sanin@ie-freiburg.mpg.de", "first_name": "David", "telephone": "481"}, "model": "researcher.researcher", "pk": 235}, {"fields": {"organization": 3, "pi": 20, "last_name": "Gamalinda", "costunit": [35], "email": "gamalinda@ie-freiburg.mpg.de", "first_name": "Michael", "telephone": "783"}, "model": "researcher.researcher", "pk": 236}, {"fields": {"organization": 3, "pi": 27, "last_name": "Ihor", "costunit": [28], "email": "yurkevych@ie-freiburg.mpg.de", "first_name": "Yurkevych", "telephone": "792"}, "model": "researcher.researcher", "pk": 237}, {"fields": {"organization": 3, "pi": 23, "last_name": "Mihlan", "costunit": [32], "email": "mihlan@ie-freiburg.mpg.de", "first_name": "Michael", "telephone": "248"}, "model": "researcher.researcher", "pk": 238}, {"fields": {"organization": 3, "pi": 27, "last_name": "Yang", "costunit": [12], "email": "yangl@ie-freiburg.mpg.de", "first_name": "Chih-Hsiang", "telephone": "792"}, "model": "researcher.researcher", "pk": 239}, {"fields": {"organization": 3, "pi": 20, "last_name": "Fuhrmann", "costunit": [34], "email": "fuhrmann@ie-freiburg.mpg.de", "first_name": "Thomas", "telephone": "782"}, "model": "researcher.researcher", "pk": 240}, {"fields": {"organization": 3, "pi": 8, "last_name": "He\u00df", "costunit": [20], "email": "hess@ie-freiburg.mpg.de", "first_name": "Isabell", "telephone": "240"}, "model": "researcher.researcher", "pk": 241}, {"fields": {"organization": 3, "pi": 3, "last_name": "Basilicata", "costunit": [21], "email": "basilicata@ie-freiburg.mpg.de", "first_name": "Maria", "telephone": "696"}, "model": "researcher.researcher", "pk": 242}, {"fields": {"organization": 3, "pi": 28, "last_name": "Medgyesi", "costunit": [38], "email": "medgyesi@ie-freiburg.mpg.de", "first_name": "David", "telephone": "436"}, "model": "researcher.researcher", "pk": 243}, {"fields": {"organization": 3, "pi": 20, "last_name": "Puri", "costunit": [14], "email": "puri@ie-freiburg.mpg.de", "first_name": "Deepika", "telephone": "782"}, "model": "researcher.researcher", "pk": 244}, {"fields": {"organization": 3, "pi": 8, "last_name": "Boehm", "costunit": [18], "email": "boehm@ie-freiburg.mpg.de", "first_name": "Thomas", "telephone": "328"}, "model": "researcher.researcher", "pk": 245}, {"fields": {"organization": 3, "pi": 15, "last_name": "Antonio_Urrutia", "costunit": [16], "email": "antonio@ie-freiburg.mpg.de", "first_name": "Gustavo", "telephone": "770"}, "model": "researcher.researcher", "pk": 246}, {"fields": {"organization": 3, "pi": 20, "last_name": "Montavon", "costunit": [35], "email": "montavon@ie-freiburg.mpg.de", "first_name": "Thomas", "telephone": "779"}, "model": "researcher.researcher", "pk": 247}]