[{"pk": 1, "model": "researcher.principalinvestigator", "fields": {"name": "-"}}, {"pk": 2, "model": "researcher.principalinvestigator", "fields": {"name": "A03_Vogel"}}, {"pk": 3, "model": "researcher.principalinvestigator", "fields": {"name": "Akhtar"}}, {"pk": 4, "model": "researcher.principalinvestigator", "fields": {"name": "B01_Schuele"}}, {"pk": 5, "model": "researcher.principalinvestigator", "fields": {"name": "B02_Pahl"}}, {"pk": 6, "model": "researcher.principalinvestigator", "fields": {"name": "B03_Hein"}}, {"pk": 7, "model": "researcher.principalinvestigator", "fields": {"name": "B05_Huber"}}, {"pk": 8, "model": "researcher.principalinvestigator", "fields": {"name": "Boehm"}}, {"pk": 9, "model": "researcher.principalinvestigator", "fields": {"name": "C02_Prinz"}}, {"pk": 10, "model": "researcher.principalinvestigator", "fields": {"name": "C03_La\u00dfmann"}}, {"pk": 11, "model": "researcher.principalinvestigator", "fields": {"name": "C04_Luebbert"}}, {"pk": 12, "model": "researcher.principalinvestigator", "fields": {"name": "C06_Brabletz"}}, {"pk": 13, "model": "researcher.principalinvestigator", "fields": {"name": "Deep_Sequencing_Unit"}}, {"pk": 14, "model": "researcher.principalinvestigator", "fields": {"name": "Diefenbach"}}, {"pk": 15, "model": "researcher.principalinvestigator", "fields": {"name": "Grosschedl"}}, {"pk": 16, "model": "researcher.principalinvestigator", "fields": {"name": "Gruen"}}, {"pk": 17, "model": "researcher.principalinvestigator", "fields": {"name": "IMPRS"}}, {"pk": 18, "model": "researcher.principalinvestigator", "fields": {"name": "Iovino"}}, {"pk": 19, "model": "researcher.principalinvestigator", "fields": {"name": "Izcue"}}, {"pk": 20, "model": "researcher.principalinvestigator", "fields": {"name": "Jenuwein"}}, {"pk": 21, "model": "researcher.principalinvestigator", "fields": {"name": "Jumaa"}}, {"pk": 22, "model": "researcher.principalinvestigator", "fields": {"name": "Kemler"}}, {"pk": 23, "model": "researcher.principalinvestigator", "fields": {"name": "Laemmermann"}}, {"pk": 24, "model": "researcher.principalinvestigator", "fields": {"name": "Nielsen"}}, {"pk": 25, "model": "researcher.principalinvestigator", "fields": {"name": "PearceEd"}}, {"pk": 26, "model": "researcher.principalinvestigator", "fields": {"name": "Pichler"}}, {"pk": 27, "model": "researcher.principalinvestigator", "fields": {"name": "Pospisilik"}}, {"pk": 28, "model": "researcher.principalinvestigator", "fields": {"name": "Reth"}}, {"pk": 29, "model": "researcher.principalinvestigator", "fields": {"name": "Saccani"}}, {"pk": 30, "model": "researcher.principalinvestigator", "fields": {"name": "Sawarkar"}}, {"pk": 31, "model": "researcher.principalinvestigator", "fields": {"name": "Trompouki"}}, {"pk": 32, "model": "researcher.principalinvestigator", "fields": {"name": "Z01_Backofen"}}, {"pk": 1, "model": "researcher.organization", "fields": {"name": "-"}}, {"pk": 2, "model": "researcher.organization", "fields": {"name": "DEEP"}}, {"pk": 3, "model": "researcher.organization", "fields": {"name": "MPI-IE"}}, {"pk": 4, "model": "researcher.organization", "fields": {"name": "University_Freiburg"}}, {"pk": 1, "model": "researcher.costunit", "fields": {"name": "-"}}, {"pk": 2, "model": "researcher.costunit", "fields": {"name": "123"}}, {"pk": 3, "model": "researcher.costunit", "fields": {"name": "7615"}}, {"pk": 4, "model": "researcher.costunit", "fields": {"name": "A03_Vogel"}}, {"pk": 5, "model": "researcher.costunit", "fields": {"name": "B01_Schuele"}}, {"pk": 6, "model": "researcher.costunit", "fields": {"name": "B02_Pahl"}}, {"pk": 7, "model": "researcher.costunit", "fields": {"name": "B03_Hein"}}, {"pk": 8, "model": "researcher.costunit", "fields": {"name": "C02_Prinz"}}, {"pk": 9, "model": "researcher.costunit", "fields": {"name": "C03_Lassmann"}}, {"pk": 10, "model": "researcher.costunit", "fields": {"name": "C04_Luebbert"}}, {"pk": 11, "model": "researcher.costunit", "fields": {"name": "C06_Brabletz"}}, {"pk": 12, "model": "researcher.costunit", "fields": {"name": "Deep7992"}}, {"pk": 13, "model": "researcher.costunit", "fields": {"name": "Diefenbach"}}, {"pk": 14, "model": "researcher.costunit", "fields": {"name": "K100"}}, {"pk": 15, "model": "researcher.costunit", "fields": {"name": "K102"}}, {"pk": 16, "model": "researcher.costunit", "fields": {"name": "K150"}}, {"pk": 17, "model": "researcher.costunit", "fields": {"name": "K152"}}, {"pk": 18, "model": "researcher.costunit", "fields": {"name": "K300"}}, {"pk": 19, "model": "researcher.costunit", "fields": {"name": "K310"}}, {"pk": 20, "model": "researcher.costunit", "fields": {"name": "K330"}}, {"pk": 21, "model": "researcher.costunit", "fields": {"name": "K400"}}, {"pk": 22, "model": "researcher.costunit", "fields": {"name": "K410"}}, {"pk": 23, "model": "researcher.costunit", "fields": {"name": "K510"}}, {"pk": 24, "model": "researcher.costunit", "fields": {"name": "K520"}}, {"pk": 25, "model": "researcher.costunit", "fields": {"name": "K570"}}, {"pk": 26, "model": "researcher.costunit", "fields": {"name": "K600"}}, {"pk": 27, "model": "researcher.costunit", "fields": {"name": "K610"}}, {"pk": 28, "model": "researcher.costunit", "fields": {"name": "K701"}}, {"pk": 29, "model": "researcher.costunit", "fields": {"name": "K710"}}, {"pk": 30, "model": "researcher.costunit", "fields": {"name": "K7614"}}, {"pk": 31, "model": "researcher.costunit", "fields": {"name": "K947"}}, {"pk": 32, "model": "researcher.costunit", "fields": {"name": "M.TN.A.IMMU0001"}}, {"pk": 33, "model": "researcher.costunit", "fields": {"name": "P.S.IMMU7992"}}, {"pk": 34, "model": "researcher.costunit", "fields": {"name": "P.S.Immu411"}}, {"pk": 35, "model": "researcher.costunit", "fields": {"name": "P.S.Immu7611"}}, {"pk": 36, "model": "researcher.costunit", "fields": {"name": "PS.Immu.7991"}}, {"pk": 37, "model": "researcher.costunit", "fields": {"name": "Z01_Backofen"}}, {"pk": 38, "model": "researcher.costunit", "fields": {"name": "ask Reth"}}, {"pk": 39, "model": "researcher.costunit", "fields": {"name": "sss"}}, {"pk": 1, "model": "researcher.researcher", "fields": {"organization": 4, "telephone": "0761-270 80300", "email": "theresa.ahrens@uniklinik-freiburg.de", "pi": 10, "first_name": "Theresa", "last_name": "Ahrens", "costunit": 9}}, {"pk": 2, "model": "researcher.researcher", "fields": {"organization": 3, "telephone": "731", "email": "akbas@ie-freiburg.mpg.de", "pi": 15, "first_name": "Duygu", "last_name": "Akbas", "costunit": 1}}, {"pk": 3, "model": "researcher.researcher", "fields": {"organization": 3, "telephone": "565", "email": "akhtar@ie-freiburg.mpg.de", "pi": 3, "first_name": "Asifa", "last_name": "Akhtar", "costunit": 21}}, {"pk": 4, "model": "researcher.researcher", "fields": {"organization": 3, "telephone": "691", "email": "aktas@ie-freiburg.mpg.de", "pi": 3, "first_name": "Tugce", "last_name": "Aktas_Ilik", "costunit": 21}}, {"pk": 5, "model": "researcher.researcher", "fields": {"organization": 3, "telephone": "433", "email": "alkhatib@ie-freiburg.mpg.de", "pi": 21, "first_name": "Alabbas", "last_name": "Alkhatib", "costunit": 1}}, {"pk": 6, "model": "researcher.researcher", "fields": {"organization": 3, "telephone": "431", "email": "", "pi": 21, "first_name": "Alaa", "last_name": "Alshamee", "costunit": 1}}, {"pk": 7, "model": "researcher.researcher", "fields": {"organization": 3, "telephone": "771", "email": "andreani@ie-freiburg.mpg.de", "pi": 15, "first_name": "Virginia", "last_name": "Andreani", "costunit": 2}}, {"pk": 8, "model": "researcher.researcher", "fields": {"organization": 3, "telephone": "618", "email": "aprile@ie-freiburg.mpg.de", "pi": 30, "first_name": "Fernando", "last_name": "Aprile_Garcia", "costunit": 24}}, {"pk": 9, "model": "researcher.researcher", "fields": {"organization": 2, "telephone": "586", "email": "arrigoni@ie-freiburg.mpg.de", "pi": 13, "first_name": "Laura", "last_name": "Arrigoni", "costunit": 36}}, {"pk": 10, "model": "researcher.researcher", "fields": {"organization": 3, "telephone": "431", "email": "bach@ie-freiburg.mpg.de", "pi": 21, "first_name": "Martina", "last_name": "Bach", "costunit": 39}}, {"pk": 11, "model": "researcher.researcher", "fields": {"organization": 3, "telephone": "447", "email": "baer@ie-freiburg.mpg.de", "pi": 17, "first_name": "Magdalena", "last_name": "Baer_Radermacher", "costunit": 1}}, {"pk": 12, "model": "researcher.researcher", "fields": {"organization": 3, "telephone": "770", "email": "", "pi": 15, "first_name": "Simone", "last_name": "Band", "costunit": 1}}, {"pk": 13, "model": "researcher.researcher", "fields": {"organization": 3, "telephone": "487", "email": "bank@ie-freiburg.mpg.de", "pi": 22, "first_name": "Johannes", "last_name": "Bank", "costunit": 1}}, {"pk": 14, "model": "researcher.researcher", "fields": {"organization": 3, "telephone": "577", "email": "bauer@ie-freiburg.mpg.de", "pi": 26, "first_name": "Amelie", "last_name": "Bauer", "costunit": 1}}, {"pk": 15, "model": "researcher.researcher", "fields": {"organization": 3, "telephone": "433", "email": "becker@ie-freiburg.mpg.de", "pi": 28, "first_name": "Martin", "last_name": "Becker", "costunit": 26}}, {"pk": 16, "model": "researcher.researcher", "fields": {"organization": 3, "telephone": "680", "email": "betancourt@ie-freiburg.mpg.de", "pi": 13, "first_name": "Emily", "last_name": "Betancourt", "costunit": 1}}, {"pk": 17, "model": "researcher.researcher", "fields": {"organization": 3, "telephone": "318", "email": "birmelin@ie-freiburg.mpg.de", "pi": 8, "first_name": "Stefanie", "last_name": "Birmelin", "costunit": 1}}, {"pk": 18, "model": "researcher.researcher", "fields": {"organization": 3, "telephone": "755", "email": "boller@ie-freiburg.mpg.de", "pi": 15, "first_name": "Soeren", "last_name": "Boller", "costunit": 16}}, {"pk": 19, "model": "researcher.researcher", "fields": {"organization": 3, "telephone": "697", "email": "boenisch@ie-freiburg.mpg.de", "pi": 13, "first_name": "Ulrike", "last_name": "Boenisch", "costunit": 31}}, {"pk": 20, "model": "researcher.researcher", "fields": {"organization": 3, "telephone": "436", "email": "boersig@ie-freiburg.mpg.de", "pi": 28, "first_name": "Theresa", "last_name": "Boersig", "costunit": 26}}, {"pk": 21, "model": "researcher.researcher", "fields": {"organization": 3, "telephone": "493", "email": "brack@ie-freiburg.mpg.de", "pi": 19, "first_name": "Maria", "last_name": "Brack", "costunit": 1}}, {"pk": 22, "model": "researcher.researcher", "fields": {"organization": 3, "telephone": "473", "email": "braeutigam@ie-freiburg.mpg.de", "pi": 22, "first_name": "Christien", "last_name": "Braeutigam", "costunit": 1}}, {"pk": 23, "model": "researcher.researcher", "fields": {"organization": 3, "telephone": "449", "email": "breitner@ie-freiburg.mpg.de", "pi": 17, "first_name": "Elisabeth", "last_name": "Breitner", "costunit": 1}}, {"pk": 24, "model": "researcher.researcher", "fields": {"organization": 3, "telephone": "493", "email": "bremser@ie-freiburg.mpg.de", "pi": 19, "first_name": "Anna", "last_name": "Bremser", "costunit": 19}}, {"pk": 25, "model": "researcher.researcher", "fields": {"organization": 3, "telephone": "439", "email": "brenker@ie-freiburg.mpg.de", "pi": 28, "first_name": "Kathrin", "last_name": "Brenker", "costunit": 26}}, {"pk": 26, "model": "researcher.researcher", "fields": {"organization": 3, "telephone": "433", "email": "brings@ie-freiburg.mpg.de", "pi": 28, "first_name": "Naema", "last_name": "Brings", "costunit": 26}}, {"pk": 27, "model": "researcher.researcher", "fields": {"organization": 3, "telephone": "321", "email": "budnicki@ie-freiburg.mpg.de", "pi": 19, "first_name": "Iwona", "last_name": "Budnicki", "costunit": 1}}, {"pk": 28, "model": "researcher.researcher", "fields": {"organization": 3, "telephone": "694", "email": "chatterjee@ie-freiburg.mpg.de", "pi": 3, "first_name": "Aindrila", "last_name": "Chatterjee", "costunit": 21}}, {"pk": 29, "model": "researcher.researcher", "fields": {"organization": 3, "telephone": "577", "email": "chaugule@ie-freiburg.mpg.de", "pi": 26, "first_name": "Viduth", "last_name": "Chaugule", "costunit": 1}}, {"pk": 30, "model": "researcher.researcher", "fields": {"organization": 3, "telephone": "770", "email": "chechik@ie-freiburg.mpg.de", "pi": 15, "first_name": "Lyubov", "last_name": "Chechik", "costunit": 1}}, {"pk": 31, "model": "researcher.researcher", "fields": {"organization": 3, "telephone": "514", "email": "chelmicki@ie-freiburg.mpg.de", "pi": 3, "first_name": "Tomasz", "last_name": "Chelmicki", "costunit": 21}}, {"pk": 32, "model": "researcher.researcher", "fields": {"organization": 3, "telephone": "781", "email": "ching@ie-freiburg.mpg.de", "pi": 20, "first_name": "Reagan", "last_name": "Ching", "costunit": 1}}, {"pk": 33, "model": "researcher.researcher", "fields": {"organization": 3, "telephone": "707", "email": "chlamydas@ie-freiburg.mpg.de", "pi": 3, "first_name": "Sarantis", "last_name": "Chlamydas", "costunit": 21}}, {"pk": 34, "model": "researcher.researcher", "fields": {"organization": 3, "telephone": "770", "email": "", "pi": 15, "first_name": "Janina", "last_name": "Cico", "costunit": 1}}, {"pk": 35, "model": "researcher.researcher", "fields": {"organization": 3, "telephone": "427", "email": "cramer@ie-freiburg.mpg.de", "pi": 28, "first_name": "Sophie", "last_name": "Cramer", "costunit": 26}}, {"pk": 36, "model": "researcher.researcher", "fields": {"organization": 3, "telephone": "792", "email": "dalgaard@ie-freiburg.mpg.de", "pi": 27, "first_name": "Kevin", "last_name": "Dalgaard", "costunit": 30}}, {"pk": 37, "model": "researcher.researcher", "fields": {"organization": 3, "telephone": "706", "email": "dasmeh@ie-freiburg.mpg.de", "pi": 3, "first_name": "Pouria", "last_name": "Dasmeh", "costunit": 21}}, {"pk": 38, "model": "researcher.researcher", "fields": {"organization": 3, "telephone": "783", "email": "delarosa@ie-freiburg.mpg.de", "pi": 20, "first_name": "Inti", "last_name": "De_la_Rosa", "costunit": 14}}, {"pk": 39, "model": "researcher.researcher", "fields": {"organization": 3, "telephone": "731", "email": "derecka@ie-freiburg.mpg.de", "pi": 15, "first_name": "Marta", "last_name": "Derecka", "costunit": 16}}, {"pk": 40, "model": "researcher.researcher", "fields": {"organization": 3, "telephone": "422", "email": "", "pi": 28, "first_name": "Ognjen", "last_name": "Deronja", "costunit": 26}}, {"pk": 41, "model": "researcher.researcher", "fields": {"organization": 3, "telephone": "240", "email": "diekhoff@ie-freiburg.mpg.de", "pi": 8, "first_name": "Dagmar", "last_name": "Diekhoff", "costunit": 1}}, {"pk": 42, "model": "researcher.researcher", "fields": {"organization": 3, "telephone": "489", "email": "dogan@ie-freiburg.mpg.de", "pi": 26, "first_name": "Esen", "last_name": "Dogan", "costunit": 1}}, {"pk": 43, "model": "researcher.researcher", "fields": {"organization": 3, "telephone": "433", "email": "dolezal@ie-freiburg.mpg.de", "pi": 28, "first_name": "Elmar", "last_name": "Dolezal", "costunit": 26}}, {"pk": 44, "model": "researcher.researcher", "fields": {"organization": 3, "telephone": "576", "email": "droescher@ie-freiburg.mpg.de", "pi": 26, "first_name": "Mathias", "last_name": "Droescher", "costunit": 1}}, {"pk": 45, "model": "researcher.researcher", "fields": {"organization": 3, "telephone": "481", "email": "duda@ie-freiburg.mpg.de", "pi": 20, "first_name": "Katarzyna", "last_name": "Duda", "costunit": 14}}, {"pk": 46, "model": "researcher.researcher", "fields": {"organization": 3, "telephone": "433", "email": "minden@ie-freiburg.mpg.de", "pi": 21, "first_name": "Marcus", "last_name": "Duehren_von_Minden", "costunit": 1}}, {"pk": 47, "model": "researcher.researcher", "fields": {"organization": 3, "telephone": "771", "email": "duering@ie-freiburg.mpg.de", "pi": 15, "first_name": "Franziska", "last_name": "Duering", "costunit": 1}}, {"pk": 48, "model": "researcher.researcher", "fields": {"organization": 3, "telephone": "787", "email": "engist@ie-freiburg.mpg.de", "pi": 20, "first_name": "Bettina", "last_name": "Engist", "costunit": 1}}, {"pk": 49, "model": "researcher.researcher", "fields": {"organization": 3, "telephone": "718", "email": "falk@ie-freiburg.mpg.de", "pi": 15, "first_name": "Ingrid", "last_name": "Falk", "costunit": 14}}, {"pk": 50, "model": "researcher.researcher", "fields": {"organization": 3, "telephone": "449", "email": "fatouros@ie-freiburg.mpg.de", "pi": 17, "first_name": "Polychronis", "last_name": "Fatouros", "costunit": 1}}, {"pk": 51, "model": "researcher.researcher", "fields": {"organization": 3, "telephone": "229", "email": "fidler@ie-freiburg.mpg.de", "pi": 8, "first_name": "Ingrid", "last_name": "Fidler", "costunit": 1}}, {"pk": 52, "model": "researcher.researcher", "fields": {"organization": 3, "telephone": "241", "email": "franzt@ie-freiburg.mpg.de", "pi": 8, "first_name": "Tanna", "last_name": "Franz", "costunit": 1}}, {"pk": 53, "model": "researcher.researcher", "fields": {"organization": 3, "telephone": "431", "email": "funck@ie-freiburg.mpg.de", "pi": 21, "first_name": "Felix", "last_name": "Funck", "costunit": 1}}, {"pk": 54, "model": "researcher.researcher", "fields": {"organization": 3, "telephone": "783", "email": "galan@ie-freiburg.mpg.de", "pi": 20, "first_name": "Carmen", "last_name": "Galan", "costunit": 1}}, {"pk": 55, "model": "researcher.researcher", "fields": {"organization": 3, "telephone": "241", "email": "garbersb@ie-freiburg.mpg.de", "pi": 8, "first_name": "Beate", "last_name": "Garbers", "costunit": 1}}, {"pk": 56, "model": "researcher.researcher", "fields": {"organization": 3, "telephone": "582", "email": "gaub@ie-freiburg.mpg.de", "pi": 3, "first_name": "Aline", "last_name": "Gaub", "costunit": 21}}, {"pk": 57, "model": "researcher.researcher", "fields": {"organization": 3, "telephone": "705", "email": "georgiev@ie-freiburg.mpg.de", "pi": 3, "first_name": "Plamen", "last_name": "Georgiev", "costunit": 21}}, {"pk": 58, "model": "researcher.researcher", "fields": {"organization": 3, "telephone": "792", "email": "gossens@ie-freiburg.mpg.de", "pi": 27, "first_name": "Klaus", "last_name": "Gossens", "costunit": 28}}, {"pk": 59, "model": "researcher.researcher", "fields": {"organization": 4, "telephone": "0761-270 71980", "email": "gabriele.greve@uniklinik-freiburg.de", "pi": 11, "first_name": "Gabriela", "last_name": "Greve", "costunit": 10}}, {"pk": 60, "model": "researcher.researcher", "fields": {"organization": 3, "telephone": "711", "email": "grosschedl@ie-freiburg.mpg.de", "pi": 15, "first_name": "Rudolf", "last_name": "Grosschedl", "costunit": 1}}, {"pk": 61, "model": "researcher.researcher", "fields": {"organization": 3, "telephone": "240", "email": "guerri@ie-freiburg.mpg.de", "pi": 8, "first_name": "Lucia", "last_name": "Guerri", "costunit": 1}}, {"pk": 62, "model": "researcher.researcher", "fields": {"organization": 3, "telephone": "704", "email": "gutierrez@ie-freiburg.mpg.de", "pi": 3, "first_name": "Noel", "last_name": "Gutierrez", "costunit": 21}}, {"pk": 63, "model": "researcher.researcher", "fields": {"organization": 3, "telephone": "475", "email": "haasi@ie-freiburg.mpg.de", "pi": 22, "first_name": "Ingrid", "last_name": "Haas", "costunit": 1}}, {"pk": 64, "model": "researcher.researcher", "fields": {"organization": 3, "telephone": "260", "email": "haas_assenba@ie-freiburg.mpg.de", "pi": 8, "first_name": "Annette", "last_name": "Haas-Assenbaum", "costunit": 1}}, {"pk": 65, "model": "researcher.researcher", "fields": {"organization": 4, "telephone": "0761-203 5077", "email": "christine.hacker@anat.uni-freiburg.de", "pi": 2, "first_name": "Christine", "last_name": "Hacker", "costunit": 4}}, {"pk": 66, "model": "researcher.researcher", "fields": {"organization": 3, "telephone": "692", "email": "hallacli@ie-freiburg.mpg.de", "pi": 3, "first_name": "Erinc", "last_name": "Hallacli", "costunit": 21}}, {"pk": 67, "model": "researcher.researcher", "fields": {"organization": 3, "telephone": "477", "email": "hansen@ie-freiburg.mpg.de", "pi": 22, "first_name": "Kaethe", "last_name": "Hansen", "costunit": 1}}, {"pk": 68, "model": "researcher.researcher", "fields": {"organization": 3, "telephone": "317", "email": "happe@ie-freiburg.mpg.de", "pi": 8, "first_name": "Christiane", "last_name": "Happe", "costunit": 1}}, {"pk": 69, "model": "researcher.researcher", "fields": {"organization": 3, "telephone": "770", "email": "", "pi": 15, "first_name": "Caroline", "last_name": "Harter", "costunit": 1}}, {"pk": 70, "model": "researcher.researcher", "fields": {"organization": 3, "telephone": "241", "email": "held@ie-freiburg.mpg.de", "pi": 8, "first_name": "Monika", "last_name": "Held", "costunit": 1}}, {"pk": 71, "model": "researcher.researcher", "fields": {"organization": 3, "telephone": "583", "email": "herquel@ie-freiburg.mpg.de", "pi": 3, "first_name": "Benjamin", "last_name": "Herquel", "costunit": 21}}, {"pk": 72, "model": "researcher.researcher", "fields": {"organization": 3, "telephone": "255", "email": "heyne@ie-freiburg.mpg.de", "pi": 27, "first_name": "Steffen", "last_name": "Heyne", "costunit": 1}}, {"pk": 73, "model": "researcher.researcher", "fields": {"organization": 3, "telephone": "260", "email": "hirakawa@ie-freiburg.mpg.de", "pi": 8, "first_name": "Mayumi", "last_name": "Hirakawa", "costunit": 1}}, {"pk": 74, "model": "researcher.researcher", "fields": {"organization": 3, "telephone": "695", "email": "hirth@ie-freiburg.mpg.de", "pi": 3, "first_name": "Vanessa", "last_name": "Hirth", "costunit": 21}}, {"pk": 75, "model": "researcher.researcher", "fields": {"organization": 3, "telephone": "422", "email": "hobeika@ie-freiburg.mpg.de", "pi": 28, "first_name": "Elias", "last_name": "Hobeika", "costunit": 26}}, {"pk": 76, "model": "researcher.researcher", "fields": {"organization": 3, "telephone": "487", "email": "hoffmeyer@ie-freiburg.mpg.de", "pi": 22, "first_name": "Katrin", "last_name": "Hoffmeyer", "costunit": 29}}, {"pk": 77, "model": "researcher.researcher", "fields": {"organization": 3, "telephone": "240", "email": "holland@ie-freiburg.mpg.de", "pi": 8, "first_name": "Stephen", "last_name": "Holland", "costunit": 18}}, {"pk": 78, "model": "researcher.researcher", "fields": {"organization": 3, "telephone": "695", "email": "holz@ie-freiburg.mpg.de", "pi": 3, "first_name": "Herbert", "last_name": "Holz", "costunit": 21}}, {"pk": 79, "model": "researcher.researcher", "fields": {"organization": 3, "telephone": "431", "email": "hug@ie-freiburg.mpg.de", "pi": 21, "first_name": "Eva", "last_name": "Hug", "costunit": 1}}, {"pk": 80, "model": "researcher.researcher", "fields": {"organization": 3, "telephone": "699", "email": "hummel@ie-freiburg.mpg.de", "pi": 30, "first_name": "Barbara", "last_name": "Hummel", "costunit": 24}}, {"pk": 81, "model": "researcher.researcher", "fields": {"organization": 3, "telephone": "0761-20397225 ", "email": "humpert@ie-freiburg.mpg.de", "pi": 28, "first_name": "Luise", "last_name": "Humpert", "costunit": 26}}, {"pk": 82, "model": "researcher.researcher", "fields": {"organization": 3, "telephone": "618", "email": "hussong@ie-freiburg.mpg.de", "pi": 30, "first_name": "Rebecca", "last_name": "Hussong", "costunit": 1}}, {"pk": 83, "model": "researcher.researcher", "fields": {"organization": 3, "telephone": "692", "email": "ilik@ie-freiburg.mpg.de", "pi": 3, "first_name": "Ibrahim", "last_name": "Ilik", "costunit": 21}}, {"pk": 84, "model": "researcher.researcher", "fields": {"organization": 3, "telephone": "327", "email": "iwanami@ie-freiburg.mpg.de", "pi": 8, "first_name": "Norimasa", "last_name": "Iwanami", "costunit": 18}}, {"pk": 85, "model": "researcher.researcher", "fields": {"organization": 3, "telephone": "706", "email": "Iyer@ie-freiburg.mpg.de", "pi": 3, "first_name": "Shantanu", "last_name": "Iyer", "costunit": 21}}, {"pk": 86, "model": "researcher.researcher", "fields": {"organization": 3, "telephone": "433", "email": "iype@ie-freiburg.mpg.de", "pi": 21, "first_name": "Joseena", "last_name": "Iype", "costunit": 1}}, {"pk": 87, "model": "researcher.researcher", "fields": {"organization": 3, "telephone": "325", "email": "izcue@ie-freiburg.mpg.de", "pi": 19, "first_name": "Ana", "last_name": "Izcue", "costunit": 19}}, {"pk": 88, "model": "researcher.researcher", "fields": {"organization": 3, "telephone": "420", "email": "officer@ie-freiburg.mpg.de", "pi": 28, "first_name": "Birgit", "last_name": "Jaeger", "costunit": 26}}, {"pk": 89, "model": "researcher.researcher", "fields": {"organization": 3, "telephone": "793", "email": "raja@ie-freiburg.mpg.de", "pi": 27, "first_name": "Sunil", "last_name": "Jayaramaiah_Raja", "costunit": 28}}, {"pk": 90, "model": "researcher.researcher", "fields": {"organization": 3, "telephone": "785", "email": "jenuwein@ie-freiburg.mpg.de", "pi": 20, "first_name": "Thomas", "last_name": "Jenuwein", "costunit": 1}}, {"pk": 91, "model": "researcher.researcher", "fields": {"organization": 3, "telephone": "748", "email": "", "pi": 8, "first_name": "Patricia", "last_name": "Julier", "costunit": 1}}, {"pk": 92, "model": "researcher.researcher", "fields": {"organization": 3, "telephone": "437", "email": "jumaa@ie-freiburg.mpg.de", "pi": 21, "first_name": "Hassan", "last_name": "Jumaa", "costunit": 1}}, {"pk": 93, "model": "researcher.researcher", "fields": {"organization": 3, "telephone": "433", "email": "zuern@ie-freiburg.mpg.de", "pi": 28, "first_name": "Christa", "last_name": "Kalmbach-Zuern", "costunit": 26}}, {"pk": 94, "model": "researcher.researcher", "fields": {"organization": 3, "telephone": "693", "email": "kaemmerer@ie-freiburg.mpg.de", "pi": 3, "first_name": "Christian", "last_name": "Kaemmerer", "costunit": 21}}, {"pk": 95, "model": "researcher.researcher", "fields": {"organization": 3, "telephone": "725", "email": "kaneva@ie-freiburg.mpg.de", "pi": 15, "first_name": "Iliyana", "last_name": "Kaneva", "costunit": 1}}, {"pk": 96, "model": "researcher.researcher", "fields": {"organization": 3, "telephone": "752", "email": "kapoor@ie-freiburg.mpg.de", "pi": 15, "first_name": "Tanya", "last_name": "Kapoor", "costunit": 1}}, {"pk": 97, "model": "researcher.researcher", "fields": {"organization": 3, "telephone": "696", "email": "karoutas@ie-freiburg.mpg.de", "pi": 3, "first_name": "Adam", "last_name": "Karoutas", "costunit": 21}}, {"pk": 98, "model": "researcher.researcher", "fields": {"organization": 3, "telephone": "696", "email": "karpiuk@ie-freiburg.mpg.de", "pi": 3, "first_name": "Oleksandra", "last_name": "Karpiuk", "costunit": 21}}, {"pk": 99, "model": "researcher.researcher", "fields": {"organization": 3, "telephone": "425", "email": "keim@ie-freiburg.mpg.de", "pi": 28, "first_name": "Sarah", "last_name": "Keim", "costunit": 26}}, {"pk": 100, "model": "researcher.researcher", "fields": {"organization": 3, "telephone": "582", "email": "keller@ie-freiburg.mpg.de", "pi": 3, "first_name": "Claudia", "last_name": "Keller", "costunit": 21}}, {"pk": 101, "model": "researcher.researcher", "fields": {"organization": 3, "telephone": "471", "email": "kemler@ie-freiburg.mpg.de", "pi": 22, "first_name": "Rolf", "last_name": "Kemler", "costunit": 1}}, {"pk": 102, "model": "researcher.researcher", "fields": {"organization": 3, "telephone": "704", "email": "khanam@ie-freiburg.mpg.de", "pi": 3, "first_name": "Tasneem", "last_name": "Khanam-Raabe", "costunit": 21}}, {"pk": 103, "model": "researcher.researcher", "fields": {"organization": 3, "telephone": "260", "email": "kijima@ie-freiburg.mpg.de", "pi": 8, "first_name": "Mika", "last_name": "Kijima", "costunit": 1}}, {"pk": 104, "model": "researcher.researcher", "fields": {"organization": 3, "telephone": "329", "email": "kirk@ie-freiburg.mpg.de", "pi": 8, "first_name": "Helen", "last_name": "Kirk", "costunit": 1}}, {"pk": 105, "model": "researcher.researcher", "fields": {"organization": 3, "telephone": "433", "email": "klaesener@ie-freiburg.mpg.de", "pi": 28, "first_name": "Kathrin", "last_name": "Klaesener", "costunit": 26}}, {"pk": 106, "model": "researcher.researcher", "fields": {"organization": 3, "telephone": "+49-(0)761-203 6522", "email": "kofoed@ie-freiburg.mpg.de", "pi": 14, "first_name": "Michael", "last_name": "Kofoed-Nielsen", "costunit": 13}}, {"pk": 107, "model": "researcher.researcher", "fields": {"organization": 3, "telephone": "577", "email": "koidl@ie-freiburg.mpg.de", "pi": 26, "first_name": "Stefanie", "last_name": "Koidl", "costunit": 1}}, {"pk": 108, "model": "researcher.researcher", "fields": {"organization": 3, "telephone": "240", "email": "kolhe@ie-freiburg.mpg.de", "pi": 8, "first_name": "Janhavi", "last_name": "Kolhe", "costunit": 1}}, {"pk": 109, "model": "researcher.researcher", "fields": {"organization": 3, "telephone": "770", "email": "", "pi": 15, "first_name": "Kohei", "last_name": "Kometani", "costunit": 1}}, {"pk": 110, "model": "researcher.researcher", "fields": {"organization": 3, "telephone": "433", "email": "", "pi": 28, "first_name": "Yekaterina", "last_name": "Kori", "costunit": 26}}, {"pk": 111, "model": "researcher.researcher", "fields": {"organization": 3, "telephone": "771", "email": "korniychuk@ie-freiburg.mpg.de", "pi": 15, "first_name": "Ganna", "last_name": "Korniychuk", "costunit": 1}}, {"pk": 112, "model": "researcher.researcher", "fields": {"organization": 3, "telephone": "791", "email": "koschorz@ie-freiburg.mpg.de", "pi": 20, "first_name": "Birgit", "last_name": "Koschorz", "costunit": 1}}, {"pk": 113, "model": "researcher.researcher", "fields": {"organization": 3, "telephone": "792", "email": "kramps@ie-freiburg.mpg.de", "pi": 27, "first_name": "Laura", "last_name": "Kramps", "costunit": 1}}, {"pk": 114, "model": "researcher.researcher", "fields": {"organization": 3, "telephone": "318", "email": "krauth@ie-freiburg.mpg.de", "pi": 8, "first_name": "Brigitte", "last_name": "Krauth", "costunit": 1}}, {"pk": 115, "model": "researcher.researcher", "fields": {"organization": 3, "telephone": "786", "email": "lachner@ie-freiburg.mpg.de", "pi": 20, "first_name": "Monika", "last_name": "Lachner", "costunit": 1}}, {"pk": 116, "model": "researcher.researcher", "fields": {"organization": 3, "telephone": "694", "email": "lam@ie-freiburg.mpg.de", "pi": 3, "first_name": "Ken", "last_name": "Lam", "costunit": 21}}, {"pk": 117, "model": "researcher.researcher", "fields": {"organization": 3, "telephone": "487", "email": "lausch@ie-freiburg.mpg.de", "pi": 22, "first_name": "Ute", "last_name": "Lausch", "costunit": 1}}, {"pk": 118, "model": "researcher.researcher", "fields": {"organization": 3, "telephone": "240", "email": "lawir@ie-freiburg.mpg.de", "pi": 8, "first_name": "Divine", "last_name": "Lawir", "costunit": 1}}, {"pk": 119, "model": "researcher.researcher", "fields": {"organization": 3, "telephone": "757", "email": "lempradl@ie-freiburg.mpg.de", "pi": 27, "first_name": "Adelheid", "last_name": "Lempradl", "costunit": 1}}, {"pk": 120, "model": "researcher.researcher", "fields": {"organization": 3, "telephone": "314", "email": "levit@ie-freiburg.mpg.de", "pi": 28, "first_name": "Ella", "last_name": "Levit_Zerdoun", "costunit": 26}}, {"pk": 121, "model": "researcher.researcher", "fields": {"organization": 3, "telephone": "755", "email": "lir@ie-freiburg.mpg.de", "pi": 15, "first_name": "Rui", "last_name": "Li", "costunit": 16}}, {"pk": 122, "model": "researcher.researcher", "fields": {"organization": 3, "telephone": "311", "email": "lindner@ie-freiburg.mpg.de", "pi": 24, "first_name": "John", "last_name": "Lindner", "costunit": 1}}, {"pk": 123, "model": "researcher.researcher", "fields": {"organization": 3, "telephone": "568", "email": "lingg@ie-freiburg.mpg.de", "pi": 3, "first_name": "Thomas", "last_name": "Lingg", "costunit": 21}}, {"pk": 124, "model": "researcher.researcher", "fields": {"organization": 3, "telephone": "793", "email": "longinotto@ie-freiburg.mpg.de", "pi": 27, "first_name": "John", "last_name": "Longinotto", "costunit": 1}}, {"pk": 125, "model": "researcher.researcher", "fields": {"organization": 3, "telephone": "792", "email": "lu@ie-freiburg.mpg.de", "pi": 27, "first_name": "Tsai-Hsiu", "last_name": "Lu", "costunit": 3}}, {"pk": 126, "model": "researcher.researcher", "fields": {"organization": 3, "telephone": "493", "email": "lupar@ie-freiburg.mpg.de", "pi": 19, "first_name": "Ekaterina", "last_name": "Lupar", "costunit": 19}}, {"pk": 127, "model": "researcher.researcher", "fields": {"organization": 3, "telephone": "425", "email": "maity@ie-freiburg.mpg.de", "pi": 28, "first_name": "Palash", "last_name": "Maity", "costunit": 26}}, {"pk": 128, "model": "researcher.researcher", "fields": {"organization": 3, "telephone": "574", "email": "mare@ie-freiburg.mpg.de", "pi": 20, "first_name": "Marcela", "last_name": "Mare", "costunit": 1}}, {"pk": 129, "model": "researcher.researcher", "fields": {"organization": 3, "telephone": "721", "email": "martagon@ie-freiburg.mpg.de", "pi": 31, "first_name": "Natalia ", "last_name": "Martagon_Calderon", "costunit": 17}}, {"pk": 130, "model": "researcher.researcher", "fields": {"organization": 3, "telephone": "240", "email": "mateos@ie-freiburg.mpg.de", "pi": 8, "first_name": "Fernando", "last_name": "Mateos", "costunit": 1}}, {"pk": 131, "model": "researcher.researcher", "fields": {"organization": 3, "telephone": "424", "email": "mitterer@ie-freiburg.mpg.de", "pi": 28, "first_name": "Michael", "last_name": "Mitterer", "costunit": 26}}, {"pk": 132, "model": "researcher.researcher", "fields": {"organization": 4, "telephone": "+49-(0)761-270-27430", "email": "kerstin.mock@uniklinik-freiburg.de", "pi": 12, "first_name": "Kerstin", "last_name": "Mock", "costunit": 11}}, {"pk": 133, "model": "researcher.researcher", "fields": {"organization": 3, "telephone": "440", "email": "moreira@ie-freiburg.mpg.de", "pi": 17, "first_name": "Madalena", "last_name": "Moreira", "costunit": 1}}, {"pk": 134, "model": "researcher.researcher", "fields": {"organization": 3, "telephone": "439", "email": "", "pi": 24, "first_name": "Anna-Maria", "last_name": "Morgen", "costunit": 1}}, {"pk": 135, "model": "researcher.researcher", "fields": {"organization": 3, "telephone": "770", "email": "muellerke@ie-freiburg.mpg.de", "pi": 15, "first_name": "Stefanie", "last_name": "Muellerke", "costunit": 1}}, {"pk": 136, "model": "researcher.researcher", "fields": {"organization": 3, "telephone": "730", "email": "nechanitzky@ie-freiburg.mpg.de", "pi": 15, "first_name": "Robert", "last_name": "Nechanitzky", "costunit": 1}}, {"pk": 137, "model": "researcher.researcher", "fields": {"organization": 3, "telephone": "583", "email": "nguyen@ie-freiburg.mpg.de", "pi": 3, "first_name": "Nhuong", "last_name": "Nguyen", "costunit": 21}}, {"pk": 138, "model": "researcher.researcher", "fields": {"organization": 3, "telephone": "319", "email": "nielsen@ie-freiburg.mpg.de", "pi": 24, "first_name": "Peter", "last_name": "Nielsen", "costunit": 1}}, {"pk": 139, "model": "researcher.researcher", "fields": {"organization": 3, "telephone": "315", "email": "nusser@ie-freiburg.mpg.de", "pi": 8, "first_name": "Anja", "last_name": "Nusser", "costunit": 18}}, {"pk": 140, "model": "researcher.researcher", "fields": {"organization": 3, "telephone": "699", "email": "onishi@ie-freiburg.mpg.de", "pi": 20, "first_name": "Megumi", "last_name": "Onishi-Seebacher", "costunit": 1}}, {"pk": 141, "model": "researcher.researcher", "fields": {"organization": 3, "telephone": "793", "email": "oest@ie-freiburg.mpg.de", "pi": 27, "first_name": "Anita", "last_name": "Oest", "costunit": 1}}, {"pk": 142, "model": "researcher.researcher", "fields": {"organization": 3, "telephone": "424", "email": "", "pi": 28, "first_name": "Kerstin", "last_name": "Osthof", "costunit": 26}}, {"pk": 143, "model": "researcher.researcher", "fields": {"organization": 3, "telephone": "691", "email": "panhale@ie-freiburg.mpg.de", "pi": 3, "first_name": "Amol", "last_name": "Panhale", "costunit": 21}}, {"pk": 144, "model": "researcher.researcher", "fields": {"organization": 3, "telephone": "779", "email": "perrera@ie-freiburg.mpg.de", "pi": 20, "first_name": "Valentina", "last_name": "Perrera", "costunit": 1}}, {"pk": 145, "model": "researcher.researcher", "fields": {"organization": 3, "telephone": "729", "email": "phongbunchoo@ie-freiburg.mpg.de", "pi": 15, "first_name": "Yutthaphong", "last_name": "Phongbunchoo", "costunit": 1}}, {"pk": 146, "model": "researcher.researcher", "fields": {"organization": 3, "telephone": "777", "email": "pichler@ie-freiburg.mpg.de", "pi": 26, "first_name": "Andrea", "last_name": "Pichler", "costunit": 1}}, {"pk": 147, "model": "researcher.researcher", "fields": {"organization": 3, "telephone": "781", "email": "pinheiro@ie-freiburg.mpg.de", "pi": 20, "first_name": "Ines", "last_name": "Pinheiro", "costunit": 1}}, {"pk": 148, "model": "researcher.researcher", "fields": {"organization": 3, "telephone": "721", "email": "piragyte@ie-freiburg.mpg.de", "pi": 31, "first_name": "Indre", "last_name": "Piragyte", "costunit": 17}}, {"pk": 149, "model": "researcher.researcher", "fields": {"organization": 3, "telephone": "576", "email": "platania@ie-freiburg.mpg.de", "pi": 26, "first_name": "Leonardo", "last_name": "Platania", "costunit": 1}}, {"pk": 150, "model": "researcher.researcher", "fields": {"organization": 3, "telephone": "422", "email": "pohlmeyer@ie-freiburg.mpg.de", "pi": 28, "first_name": "Roland", "last_name": "Pohlmeyer", "costunit": 26}}, {"pk": 151, "model": "researcher.researcher", "fields": {"organization": 3, "telephone": "757", "email": "pospisilik@ie-freiburg.mpg.de", "pi": 27, "first_name": "John Andrew", "last_name": "Pospisilik", "costunit": 33}}, {"pk": 152, "model": "researcher.researcher", "fields": {"organization": 4, "telephone": "0761-203 5303", "email": "Sebastian.Preissl@pharmakol.uni-freiburg.de", "pi": 6, "first_name": "Sebastian", "last_name": "Prei\u00dfl", "costunit": 7}}, {"pk": 153, "model": "researcher.researcher", "fields": {"organization": 3, "telephone": "473", "email": "rago@ie-freiburg.mpg.de", "pi": 22, "first_name": "Luciano", "last_name": "Rago", "costunit": 1}}, {"pk": 154, "model": "researcher.researcher", "fields": {"organization": 3, "telephone": "425", "email": "rajasundaram@ie-freiburg.mpg.de", "pi": 28, "first_name": "Nisha", "last_name": "Rajasundaram", "costunit": 26}}, {"pk": 155, "model": "researcher.researcher", "fields": {"organization": 3, "telephone": "731", "email": "senthilkumar@ie-freiburg.mpg.de", "pi": 15, "first_name": "Senthilkumar", "last_name": "Ramamoorthy", "costunit": 1}}, {"pk": 156, "model": "researcher.researcher", "fields": {"organization": 3, "telephone": "716", "email": "ramos_pittol@ie-freiburg.mpg.de", "pi": 29, "first_name": "Jose ", "last_name": "Ramos-Pittol", "costunit": 1}}, {"pk": 157, "model": "researcher.researcher", "fields": {"organization": 3, "telephone": "493", "email": "rauf@ie-freiburg.mpg.de", "pi": 19, "first_name": "Philipp", "last_name": "Rauf", "costunit": 1}}, {"pk": 158, "model": "researcher.researcher", "fields": {"organization": 3, "telephone": "424", "email": "reipschlaeger@ie-freiburg.mpg.de", "pi": 28, "first_name": "Simone", "last_name": "Reipschlaeger", "costunit": 26}}, {"pk": 159, "model": "researcher.researcher", "fields": {"organization": 3, "telephone": "421", "email": "reth@ie-freiburg.mpg.de", "pi": 28, "first_name": "Michael", "last_name": "Reth", "costunit": 26}}, {"pk": 160, "model": "researcher.researcher", "fields": {"organization": 3, "telephone": "577", "email": "rettich@ie-freiburg.mpg.de", "pi": 26, "first_name": "Jan", "last_name": "Rettich", "costunit": 1}}, {"pk": 161, "model": "researcher.researcher", "fields": {"organization": 3, "telephone": "06131 17 9336", "email": "rogell@ie-freiburg.mpg.de", "pi": 14, "first_name": "Leif", "last_name": "Rogell", "costunit": 13}}, {"pk": 162, "model": "researcher.researcher", "fields": {"organization": 4, "telephone": "0761- 203 6464", "email": "deborah.roidl@anat.uni-freiburg.de", "pi": 2, "first_name": "Deborah", "last_name": "Roidl", "costunit": 4}}, {"pk": 163, "model": "researcher.researcher", "fields": {"organization": 4, "telephone": "0761-203 5303", "email": "carolin.rommel@pharmakol.uni-freiburg.de", "pi": 6, "first_name": "Caroline", "last_name": "Rommel", "costunit": 7}}, {"pk": 164, "model": "researcher.researcher", "fields": {"organization": 3, "telephone": "229", "email": "", "pi": 8, "first_name": "Lea", "last_name": "Roesch", "costunit": 1}}, {"pk": 165, "model": "researcher.researcher", "fields": {"organization": 3, "telephone": "753", "email": "rosenbaum@ie-freiburg.mpg.de", "pi": 15, "first_name": "Marc", "last_name": "Rosenbaum", "costunit": 1}}, {"pk": 166, "model": "researcher.researcher", "fields": {"organization": 3, "telephone": "711", "email": "rott@ie-freiburg.mpg.de", "pi": 15, "first_name": "Marika", "last_name": "Rott", "costunit": 1}}, {"pk": 167, "model": "researcher.researcher", "fields": {"organization": 3, "telephone": "792", "email": "ruf@ie-freiburg.mpg.de", "pi": 27, "first_name": "Marius", "last_name": "Ruf", "costunit": 15}}, {"pk": 168, "model": "researcher.researcher", "fields": {"organization": 3, "telephone": "793", "email": "sabev@ie-freiburg.mpg.de", "pi": 27, "first_name": "Martin", "last_name": "Sabev", "costunit": 1}}, {"pk": 169, "model": "researcher.researcher", "fields": {"organization": 3, "telephone": "716", "email": "saccani@ie-freiburg.mpg.de", "pi": 29, "first_name": "Simona", "last_name": "Saccani", "costunit": 1}}, {"pk": 170, "model": "researcher.researcher", "fields": {"organization": 3, "telephone": "431", "email": "sainzrueda@ie-freiburg.mpg.de", "pi": 21, "first_name": "Concepcion", "last_name": "Sainz_Rueda", "costunit": 1}}, {"pk": 171, "model": "researcher.researcher", "fields": {"organization": 3, "telephone": "378", "email": "sawarkar@ie-freiburg.mpg.de", "pi": 30, "first_name": "Ritwick", "last_name": "Sawarkar", "costunit": 24}}, {"pk": 172, "model": "researcher.researcher", "fields": {"organization": 3, "telephone": "782", "email": "sawitzki@ie-freiburg.mpg.de", "pi": 20, "first_name": "Zoe", "last_name": "Sawitzki", "costunit": 14}}, {"pk": 173, "model": "researcher.researcher", "fields": {"organization": 3, "telephone": "564", "email": "schmidl@ie-freiburg.mpg.de", "pi": 3, "first_name": "Linda", "last_name": "Schmidl", "costunit": 21}}, {"pk": 174, "model": "researcher.researcher", "fields": {"organization": 3, "telephone": "431", "email": "schneiderd@ie-freiburg.mpg.de", "pi": 21, "first_name": "Dunja", "last_name": "Schneider", "costunit": 1}}, {"pk": 175, "model": "researcher.researcher", "fields": {"organization": 3, "telephone": "470", "email": "schneider@ie-freiburg.mpg.de", "pi": 22, "first_name": "Rosemary", "last_name": "Schneider", "costunit": 1}}, {"pk": 176, "model": "researcher.researcher", "fields": {"organization": 3, "telephone": "780", "email": "schorpp@ie-freiburg.mpg.de", "pi": 8, "first_name": "Michael", "last_name": "Schorpp", "costunit": 20}}, {"pk": 177, "model": "researcher.researcher", "fields": {"organization": 3, "telephone": "793", "email": "selvaraj@ie-freiburg.mpg.de", "pi": 27, "first_name": "Madhan", "last_name": "Selvaraj", "costunit": 1}}, {"pk": 178, "model": "researcher.researcher", "fields": {"organization": 3, "telephone": "692", "email": "semplicio@ie-freiburg.mpg.de", "pi": 3, "first_name": "Giuseppe", "last_name": "Semplicio", "costunit": 21}}, {"pk": 179, "model": "researcher.researcher", "fields": {"organization": 3, "telephone": "782", "email": "shukeir@ie-freiburg.mpg.de", "pi": 20, "first_name": "Nicholas", "last_name": "Shukeir", "costunit": 1}}, {"pk": 180, "model": "researcher.researcher", "fields": {"organization": 3, "telephone": "707", "email": "shvedunova@ie-freiburg.mpg.de", "pi": 3, "first_name": "Maria", "last_name": "Shvedunova", "costunit": 21}}, {"pk": 181, "model": "researcher.researcher", "fields": {"organization": 3, "telephone": "325", "email": "simons@ie-freiburg.mpg.de", "pi": 8, "first_name": "Laura", "last_name": "Simons", "costunit": 1}}, {"pk": 182, "model": "researcher.researcher", "fields": {"organization": 3, "telephone": "240", "email": "sommer@ie-freiburg.mpg.de", "pi": 8, "first_name": "Nadine", "last_name": "Sommer", "costunit": 1}}, {"pk": 183, "model": "researcher.researcher", "fields": {"organization": 3, "telephone": "422", "email": "", "pi": 28, "first_name": "Julian", "last_name": "Staniek", "costunit": 26}}, {"pk": 184, "model": "researcher.researcher", "fields": {"organization": 4, "telephone": "0761-270-51090", "email": "ori.staszewski@uniklinik-freiburg.de", "pi": 9, "first_name": "Ori", "last_name": "Staszewski", "costunit": 8}}, {"pk": 185, "model": "researcher.researcher", "fields": {"organization": 3, "telephone": "514", "email": "stehle@ie-freiburg.mpg.de", "pi": 3, "first_name": "Thomas", "last_name": "Stehle", "costunit": 21}}, {"pk": 186, "model": "researcher.researcher", "fields": {"organization": 3, "telephone": "477", "email": "stemmler@ie-freiburg.mpg.de", "pi": 22, "first_name": "Marc", "last_name": "Stemmler", "costunit": 1}}, {"pk": 187, "model": "researcher.researcher", "fields": {"organization": 3, "telephone": "317", "email": "strohmeier@ie-freiburg.mpg.de", "pi": 8, "first_name": "Christine", "last_name": "Strohmeier", "costunit": 1}}, {"pk": 188, "model": "researcher.researcher", "fields": {"organization": 3, "telephone": "436", "email": "surova@ie-freiburg.mpg.de", "pi": 21, "first_name": "Elena", "last_name": "Surova", "costunit": 1}}, {"pk": 189, "model": "researcher.researcher", "fields": {"organization": 3, "telephone": "317", "email": "swann@ie-freiburg.mpg.de", "pi": 8, "first_name": "Jeremy", "last_name": "Swann", "costunit": 1}}, {"pk": 190, "model": "researcher.researcher", "fields": {"organization": 3, "telephone": "783", "email": "swist@ie-freiburg.mpg.de", "pi": 20, "first_name": "Kalina", "last_name": "Swist", "costunit": 1}}, {"pk": 191, "model": "researcher.researcher", "fields": {"organization": 3, "telephone": "577", "email": "talloji@ie-freiburg.mpg.de", "pi": 26, "first_name": "Prabhavathi", "last_name": "Talloji", "costunit": 1}}, {"pk": 192, "model": "researcher.researcher", "fields": {"organization": 3, "telephone": "793", "email": "teperino@ie-freiburg.mpg.de", "pi": 27, "first_name": "Raffaele", "last_name": "Teperino", "costunit": 1}}, {"pk": 193, "model": "researcher.researcher", "fields": {"organization": 3, "telephone": "781", "email": "termanis@ie-freiburg.mpg.de", "pi": 20, "first_name": "Ausma", "last_name": "Termanis", "costunit": 1}}, {"pk": 194, "model": "researcher.researcher", "fields": {"organization": 3, "telephone": "577", "email": "tibbles@ie-freiburg.mpg.de", "pi": 26, "first_name": "Katherine", "last_name": "Tibbles", "costunit": 1}}, {"pk": 195, "model": "researcher.researcher", "fields": {"organization": 3, "telephone": "618", "email": "tomar@ie-freiburg.mpg.de", "pi": 30, "first_name": "Parul", "last_name": "Tomar", "costunit": 24}}, {"pk": 196, "model": "researcher.researcher", "fields": {"organization": 3, "telephone": "693", "email": "toscano@ie-freiburg.mpg.de", "pi": 3, "first_name": "Sarah", "last_name": "Toscano", "costunit": 21}}, {"pk": 197, "model": "researcher.researcher", "fields": {"organization": 3, "telephone": "550", "email": "trompouki@ie-freiburg.mpg.de", "pi": 31, "first_name": "Eirini", "last_name": "Trompouki", "costunit": 17}}, {"pk": 198, "model": "researcher.researcher", "fields": {"organization": 3, "telephone": "706", "email": "turley@ie-freiburg.mpg.de", "pi": 3, "first_name": "Matthew", "last_name": "Turley", "costunit": 21}}, {"pk": 199, "model": "researcher.researcher", "fields": {"organization": 3, "telephone": "425", "email": "uebelhart@ie-freiburg.mpg.de", "pi": 21, "first_name": "Rudolf", "last_name": "Uebelhart", "costunit": 1}}, {"pk": 200, "model": "researcher.researcher", "fields": {"organization": 3, "telephone": "716", "email": "essen@ie-freiburg.mpg.de", "pi": 29, "first_name": "Dominic", "last_name": "Van_Essen", "costunit": 1}}, {"pk": 201, "model": "researcher.researcher", "fields": {"organization": 3, "telephone": "770", "email": "vankeimpema@ie-freiburg.mpg.de", "pi": 15, "first_name": "Martine", "last_name": "Van_Keimpema", "costunit": 1}}, {"pk": 202, "model": "researcher.researcher", "fields": {"organization": 3, "telephone": "782", "email": "velazquez@ie-freiburg.mpg.de", "pi": 20, "first_name": "Oscar", "last_name": "Velazquez", "costunit": 1}}, {"pk": 203, "model": "researcher.researcher", "fields": {"organization": 3, "telephone": "792", "email": "villegas@ie-freiburg.mpg.de", "pi": 27, "first_name": "Florian", "last_name": "Villegas", "costunit": 1}}, {"pk": 204, "model": "researcher.researcher", "fields": {"organization": 3, "telephone": "427", "email": "volkmann@ie-freiburg.mpg.de", "pi": 28, "first_name": "Christoph", "last_name": "Volkmann", "costunit": 26}}, {"pk": 205, "model": "researcher.researcher", "fields": {"organization": 3, "telephone": "792", "email": "", "pi": 27, "first_name": "Gabriel", "last_name": "Wagner", "costunit": 1}}, {"pk": 206, "model": "researcher.researcher", "fields": {"organization": 3, "telephone": "433", "email": "werner@ie-freiburg.mpg.de", "pi": 21, "first_name": "Markus", "last_name": "Werner", "costunit": 1}}, {"pk": 207, "model": "researcher.researcher", "fields": {"organization": 3, "telephone": "422", "email": "", "pi": 28, "first_name": "Isabel", "last_name": "Wilhelm", "costunit": 26}}, {"pk": 208, "model": "researcher.researcher", "fields": {"organization": 3, "telephone": "451", "email": "winter@ie-freiburg.mpg.de", "pi": 22, "first_name": "Jennifer", "last_name": "Winter", "costunit": 1}}, {"pk": 209, "model": "researcher.researcher", "fields": {"organization": 3, "telephone": "577", "email": "wollenweber@ie-freiburg.mpg.de", "pi": 26, "first_name": "Tassilo", "last_name": "Wollenweber", "costunit": 1}}, {"pk": 210, "model": "researcher.researcher", "fields": {"organization": 3, "telephone": "755", "email": "yangc@ie-freiburg.mpg.de", "pi": 15, "first_name": "Cheng-Yuan", "last_name": "Yang", "costunit": 16}}, {"pk": 211, "model": "researcher.researcher", "fields": {"organization": 3, "telephone": "427", "email": "yang@ie-freiburg.mpg.de", "pi": 28, "first_name": "Jianying", "last_name": "Yang", "costunit": 27}}, {"pk": 212, "model": "researcher.researcher", "fields": {"organization": 3, "telephone": "716", "email": "yin@ie-freiburg.mpg.de", "pi": 31, "first_name": "Na", "last_name": "Yin", "costunit": 17}}, {"pk": 213, "model": "researcher.researcher", "fields": {"organization": 3, "telephone": "618", "email": "yoveva@ie-freiburg.mpg.de", "pi": 30, "first_name": "Aneliya", "last_name": "Yoveva", "costunit": 1}}, {"pk": 214, "model": "researcher.researcher", "fields": {"organization": 3, "telephone": "618", "email": "zamattia@ie-freiburg.mpg.de", "pi": 30, "first_name": "Enrico", "last_name": "Zamattia", "costunit": 1}}, {"pk": 215, "model": "researcher.researcher", "fields": {"organization": 4, "telephone": "", "email": "tosic.milica@uniklinik-freiburg.de", "pi": 4, "first_name": "Milica", "last_name": "Tosic", "costunit": 5}}, {"pk": 216, "model": "researcher.researcher", "fields": {"organization": 4, "telephone": "0761-203-5323", "email": " Ralf.Gilsbach@pharmakol.uni-freiburg.de", "pi": 6, "first_name": "Ralf", "last_name": "Gilsbach", "costunit": 7}}, {"pk": 217, "model": "researcher.researcher", "fields": {"organization": 4, "telephone": "0761-270-63370", "email": "christoph.koellerer@uniklinik-freiburg.de", "pi": 5, "first_name": "Christoph", "last_name": "Koellerer", "costunit": 6}}, {"pk": 218, "model": "researcher.researcher", "fields": {"organization": 3, "telephone": "693", "email": "sheikh@ie-freiburg.mpg.de", "pi": 3, "first_name": "Bilal", "last_name": "Sheikh", "costunit": 21}}, {"pk": 219, "model": "researcher.researcher", "fields": {"organization": 3, "telephone": "779", "email": "iovino@ie-freiburg.mpg.de", "pi": 18, "first_name": "Nicola", "last_name": "Iovino", "costunit": 22}}, {"pk": 220, "model": "researcher.researcher", "fields": {"organization": 4, "telephone": "076127071960", "email": "gregor.klaus@unilklinik-freiburg.de", "pi": 11, "first_name": "Klaus", "last_name": "Gregor", "costunit": 10}}, {"pk": 221, "model": "researcher.researcher", "fields": {"organization": 4, "telephone": " 0761 270 61070", "email": "holger.greschik@uniklinik-freiburg.de", "pi": 4, "first_name": "Holger", "last_name": "Greschik", "costunit": 5}}, {"pk": 222, "model": "researcher.researcher", "fields": {"organization": 3, "telephone": "695", "email": "hmadi@ie-freiburg.mpg.de", "pi": 3, "first_name": "Raed", "last_name": "Hmadi", "costunit": 21}}, {"pk": 223, "model": "researcher.researcher", "fields": {"organization": 4, "telephone": "07612036464", "email": "patrick.bovio@anat.uni-freiburg.de", "pi": 2, "first_name": "Patrick", "last_name": "Bovio", "costunit": 4}}, {"pk": 224, "model": "researcher.researcher", "fields": {"organization": 4, "telephone": "0761 270 61070", "email": "thomas.guenther@uniklinik-freiburg.de", "pi": 4, "first_name": "Thomas", "last_name": "Guenther", "costunit": 5}}, {"pk": 225, "model": "researcher.researcher", "fields": {"organization": 4, "telephone": "076120397207", "email": "kerstin.thriene@uniklinik-freiburg.de", "pi": 32, "first_name": "Kerstin ", "last_name": "Thriene", "costunit": 37}}, {"pk": 226, "model": "researcher.researcher", "fields": {"organization": 4, "telephone": "0761 270 51100", "email": "alena.spiess@uniklinik-freiburg.de", "pi": 9, "first_name": "Alena", "last_name": "Spiess", "costunit": 8}}, {"pk": 227, "model": "researcher.researcher", "fields": {"organization": 4, "telephone": "0761-270-63370", "email": "wei.wang@uniklinik-freiburg.de", "pi": 5, "first_name": "Wei", "last_name": "Wang", "costunit": 6}}, {"pk": 228, "model": "researcher.researcher", "fields": {"organization": 4, "telephone": "", "email": "sylvia.urban@uniklinik-freiburg.de", "pi": 4, "first_name": "Sylvia", "last_name": "Urban", "costunit": 5}}, {"pk": 229, "model": "researcher.researcher", "fields": {"organization": 4, "telephone": "", "email": "josefina.castex@uniklinik-freiburg.de", "pi": 4, "first_name": "Josefina", "last_name": "Castex", "costunit": 5}}, {"pk": 230, "model": "researcher.researcher", "fields": {"organization": 3, "telephone": "433", "email": "he@ie-freiburg.mpg.de", "pi": 28, "first_name": "Xiaocui", "last_name": "He", "costunit": 26}}, {"pk": 231, "model": "researcher.researcher", "fields": {"organization": 3, "telephone": "725", "email": "sagar@ie-freiburg.mpg.de", "pi": 16, "first_name": "Sagar", "last_name": "Sagar", "costunit": 23}}, {"pk": 232, "model": "researcher.researcher", "fields": {"organization": 3, "telephone": "725", "email": "herman@ie-freiburg.mpg.de", "pi": 16, "first_name": "Josip", "last_name": "Herman", "costunit": 23}}, {"pk": 233, "model": "researcher.researcher", "fields": {"organization": 4, "telephone": "0761-7669144", "email": "andi@boenisch-online.de", "pi": 7, "first_name": "Andreas", "last_name": "Boenisch", "costunit": 2}}, {"pk": 234, "model": "researcher.researcher", "fields": {"organization": 3, "telephone": "734", "email": "ibarra@ie-freiburg.mpg.de", "pi": 18, "first_name": "Andrea", "last_name": "Ibarra", "costunit": 22}}, {"pk": 235, "model": "researcher.researcher", "fields": {"organization": 3, "telephone": "481", "email": "sanin@ie-freiburg.mpg.de", "pi": 25, "first_name": "David", "last_name": "Sanin", "costunit": 25}}, {"pk": 236, "model": "researcher.researcher", "fields": {"organization": 3, "telephone": "783", "email": "gamalinda@ie-freiburg.mpg.de", "pi": 20, "first_name": "Michael", "last_name": "Gamalinda", "costunit": 35}}, {"pk": 237, "model": "researcher.researcher", "fields": {"organization": 3, "telephone": "792", "email": "yurkevych@ie-freiburg.mpg.de", "pi": 27, "first_name": "Yurkevych", "last_name": "Ihor", "costunit": 28}}, {"pk": 238, "model": "researcher.researcher", "fields": {"organization": 3, "telephone": "248", "email": "mihlan@ie-freiburg.mpg.de", "pi": 23, "first_name": "Michael", "last_name": "Mihlan", "costunit": 32}}, {"pk": 239, "model": "researcher.researcher", "fields": {"organization": 3, "telephone": "792", "email": "yangl@ie-freiburg.mpg.de", "pi": 27, "first_name": "Chih-Hsiang", "last_name": "Yang", "costunit": 12}}, {"pk": 240, "model": "researcher.researcher", "fields": {"organization": 3, "telephone": "782", "email": "fuhrmann@ie-freiburg.mpg.de", "pi": 20, "first_name": "Thomas", "last_name": "Fuhrmann", "costunit": 34}}, {"pk": 241, "model": "researcher.researcher", "fields": {"organization": 3, "telephone": "240", "email": "hess@ie-freiburg.mpg.de", "pi": 8, "first_name": "Isabell", "last_name": "He\u00df", "costunit": 20}}, {"pk": 242, "model": "researcher.researcher", "fields": {"organization": 3, "telephone": "696", "email": "basilicata@ie-freiburg.mpg.de", "pi": 3, "first_name": "Maria", "last_name": "Basilicata", "costunit": 21}}, {"pk": 243, "model": "researcher.researcher", "fields": {"organization": 3, "telephone": "436", "email": "medgyesi@ie-freiburg.mpg.de", "pi": 28, "first_name": "David", "last_name": "Medgyesi", "costunit": 38}}, {"pk": 244, "model": "researcher.researcher", "fields": {"organization": 3, "telephone": "782", "email": "puri@ie-freiburg.mpg.de", "pi": 20, "first_name": "Deepika", "last_name": "Puri", "costunit": 14}}, {"pk": 245, "model": "researcher.researcher", "fields": {"organization": 3, "telephone": "328", "email": "boehm@ie-freiburg.mpg.de", "pi": 8, "first_name": "Thomas", "last_name": "Boehm", "costunit": 18}}, {"pk": 246, "model": "researcher.researcher", "fields": {"organization": 3, "telephone": "770", "email": "antonio@ie-freiburg.mpg.de", "pi": 15, "first_name": "Gustavo", "last_name": "Antonio_Urrutia", "costunit": 16}}, {"pk": 247, "model": "researcher.researcher", "fields": {"organization": 3, "telephone": "779", "email": "montavon@ie-freiburg.mpg.de", "pi": 20, "first_name": "Thomas", "last_name": "Montavon", "costunit": 35}}]